date,open,close
2020-10-01,114.430522644009,113.6037139892578
2020-10-02,109.81011856378328,109.9365692138672
2020-10-05,110.80226681324504,113.32160186767578
2020-10-06,112.54345848013617,110.07276153564452
2020-10-07,111.49291174621312,111.94036102294922
2020-10-08,113.07842855908564,111.8333511352539
2020-10-09,112.13490552618048,113.77880096435548
2020-10-12,116.78448940909738,121.00608825683594
2020-10-13,121.85235887523848,117.79612731933594
2020-10-14,117.69885586154554,117.88367462158205
2020-10-15,115.48105698538242,117.41676330566406
2020-10-16,117.97119397696682,115.7728500366211
2020-10-19,116.68721586654202,112.81580352783205
2020-10-20,113.0297966240417,114.30406188964844
2020-10-21,113.48697056487585,113.6815185546875
2020-10-22,114.24570410467128,112.5920867919922
2020-10-23,113.2146263110706,111.90145874023438
2020-10-26,110.89955125203169,111.9111785888672
2020-10-27,112.33916701816054,113.41888427734376
2020-10-28,111.91117547954262,108.16620635986328
2020-10-29,109.30429098085882,112.1738052368164
2020-10-30,108.03003661879342,105.89006042480467
2020-11-02,106.1332410376146,105.8025131225586
2020-11-03,106.66822990485883,107.42694854736328
2020-11-04,111.02603509846035,111.81393432617188
2020-11-05,114.73204826054967,115.78258514404295
2020-11-06,115.2905328204704,115.65106201171876
2020-11-09,117.41470327709126,113.34172821044922
2020-11-10,112.5914421772737,113.0006866455078
2020-11-11,114.189458754038,116.4305648803711
2020-11-12,116.55724363092018,116.1577377319336
2020-11-13,116.38185824859464,116.20646667480467
2020-11-16,115.87517731633524,117.2198486328125
2020-11-17,116.48904444010536,116.33313751220705
2020-11-18,115.57310124972858,115.00794982910156
2020-11-19,114.579214364051,115.60233306884766
2020-11-20,115.6023116307472,114.3355941772461
2020-11-23,114.17972274018632,110.93498229980467
2020-11-24,110.99345018861624,112.22118377685548
2020-11-25,112.59143724720404,113.05914306640624
2020-11-27,113.58534323153174,113.60482788085938
2020-11-30,113.97509336124736,116.00183868408205
2020-12-01,117.91165703284472,119.57787322998048
2020-12-02,118.89578518676296,119.92864990234376
2020-12-03,120.35739564047256,119.79225158691406
2020-12-04,119.46095595882962,119.1199188232422
2020-12-07,119.17836466433876,120.5814971923828
2020-12-08,121.18561204118978,121.19535064697266
2020-12-09,121.34153828117272,118.66194915771484
2020-12-10,117.41471371847992,120.08455657958984
2020-12-11,119.29529488946088,119.27581024169922
2020-12-14,119.46095361716566,118.66194915771484
2020-12-15,121.15640332920536,124.60576629638672
2020-12-16,124.14779181691584,124.53754425048828
2020-12-17,125.59964613576102,125.40476989746094
2020-12-18,125.65811357033245,123.41699981689452
2020-12-21,121.8189600773412,124.94676971435548
2020-12-22,128.24026583476893,128.50335693359375
2020-12-23,128.7762214651475,127.60694885253906
2020-12-24,127.9577128863763,128.591064453125
2020-12-28,130.5593044830477,133.19017028808594
2020-12-29,134.51538107187807,131.4167938232422
2020-12-30,132.1086267541331,130.29624938964844
2020-12-31,130.6470123311244,129.2926025390625
2021-01-04,130.10133261742502,126.09656524658205
2021-01-05,125.58987944540236,127.65559387207033
2021-01-06,124.4498466014008,123.3585205078125
2021-01-07,125.07344315917028,127.5678939819336
2021-01-08,129.0392514479538,128.6689910888672
2021-01-11,125.882219114398,125.6775894165039
2021-01-12,125.20986790485576,125.50218963623048
2021-01-13,125.46324298943377,127.53871154785156
2021-01-14,127.45099807958694,125.60939025878906
2021-01-15,125.48271340602643,123.88470458984376
2021-01-19,124.50831458189415,124.55703735351562
2021-01-20,125.365810647693,128.64952087402344
2021-01-21,130.3741822074859,133.36557006835938
2021-01-22,132.79068885405798,135.50926208496094
2021-01-25,139.40681893054085,139.26065063476562
2021-01-26,139.92325867417892,139.49452209472656
2021-01-27,139.75761679075893,138.42269897460938
2021-01-28,135.9477307492471,133.57994079589844
2021-01-29,132.3522064767238,128.581298828125
2021-02-01,130.32544580541983,130.70545959472656
2021-02-02,132.2547347662849,131.53369140625
2021-02-03,132.283966945161,130.5105743408203
2021-02-04,132.8101805826387,133.8722686767578
2021-02-05,134.033283551068,133.45751953125
2021-02-08,132.74515775495385,133.60391235351562
2021-02-09,133.32088673165194,132.72561645507812
2021-02-10,133.18428060554035,132.12060546875
2021-02-11,132.61824693347916,131.86685180664062
2021-02-12,131.10576137837108,132.1011199951172
2021-02-16,132.21818684146174,129.97372436523438
2021-02-17,128.0805685718384,127.6804656982422
2021-02-18,126.08007998005397,126.57777404785156
2021-02-19,127.09498501546292,126.7339096069336
2021-02-22,124.91882434122574,122.95736694335938
2021-02-23,120.77145192783192,122.82073974609376
2021-02-24,121.92294838417055,122.3230438232422
2021-02-25,121.66922504247012,118.06832885742188
2021-02-26,119.62968743773789,118.3318099975586
2021-03-01,120.76168897682948,124.70413208007812
2021-03-02,125.30916402931616,122.0986099243164
2021-03-03,121.79606507899972,119.11247253417967
2021-03-04,118.80998607618,117.2291030883789
2021-03-05,118.05859095189123,118.48796081542967
2021-03-08,118.00976790681732,113.55012512207033
2021-03-09,116.1556561829824,118.16590881347656
2021-03-10,118.7514470176131,117.0827407836914
2021-03-11,119.58090377809478,119.01490783691406
2021-03-12,117.49259196824356,118.1073760986328
2021-03-15,118.47820271779908,120.9958953857422
2021-03-16,122.66458542743165,122.53772735595705
2021-03-17,121.05443757273208,121.7472915649414
2021-03-18,119.91269661765824,117.61944580078124
2021-03-19,117.00464516374608,117.09246826171876
2021-03-22,117.42426532921458,120.41036987304688
2021-03-23,120.35181837592113,119.58089447021484
2021-03-24,119.85414272084952,117.1900634765625
2021-03-25,116.6533687267927,117.67800903320312
2021-03-26,117.44377155344247,118.2830047607422
2021-03-29,118.71241810714707,118.4586944580078
2021-03-30,117.2095819531143,117.00465393066406
2021-03-31,118.7123990051535,119.20032501220705
2021-04-01,120.67385099174044,120.02978515625
2021-04-05,120.87879330428332,122.85977172851562
2021-04-06,123.44529812942912,123.16230010986328
2021-04-07,122.7914492201614,124.81146240234376
2021-04-08,125.83614195140206,127.21209716796876
2021-04-09,126.66559142580684,129.78831481933594
2021-04-12,129.31992075985053,128.07083129882812
2021-04-13,129.2418409105608,131.18377685546875
2021-04-14,131.68149986798167,128.84176635742188
2021-04-15,130.58854862267228,131.2521209716797
2021-04-16,131.05693729907884,130.92031860351562
2021-04-19,130.2859926417197,131.58387756347656
2021-04-20,131.7595258175455,129.89564514160156
2021-04-21,129.16377440618163,130.2762451171875
2021-04-22,129.8273498266732,128.75392150878906
2021-04-23,128.9686026596944,131.07644653320312
2021-04-26,131.57412593099494,131.46678161621094
2021-04-27,131.7497836551319,131.14476013183594
2021-04-28,131.06667685708592,130.35430908203125
2021-04-29,133.17451655261294,130.2567138671875
2021-04-30,128.59780268308566,128.28553771972656
2021-05-03,128.85149050777056,129.33941650390625
2021-05-04,128.02202969252124,124.76268005371094
2021-05-05,126.08008114657817,125.00665283203124
2021-05-06,124.80170829812975,126.60704040527344
2021-05-07,127.90712250466862,127.2815170288086
2021-05-10,126.4995151036212,123.99708557128906
2021-05-11,120.72243020113098,123.07823181152344
2021-05-12,120.62467058046892,120.0088348388672
2021-05-13,121.77814989768362,122.1593780517578
2021-05-14,123.4105791838984,124.58358764648438
2021-05-17,123.96776325099312,123.4301300048828
2021-05-18,123.71360121948956,122.04206085205078
2021-05-19,120.39007750331018,121.88566589355467
2021-05-20,122.41353249282956,124.44674682617188
2021-05-21,124.94527906751188,122.6090316772461
2021-05-24,123.17598843835246,124.24147033691406
2021-05-25,124.94528180981987,124.04597473144533
2021-05-26,124.10461221897316,123.99708557128906
2021-05-27,123.5963016672836,122.46238708496094
2021-05-28,122.7458882411384,121.80747985839844
2021-06-01,122.26691215271316,121.48490142822266
2021-06-02,121.4848962778378,122.24735260009766
2021-06-03,121.87588058092216,120.7615203857422
2021-06-04,121.27962561409096,123.0586929321289
2021-06-07,123.33238286431768,123.0684585571289
2021-06-08,123.75272138786391,123.88957214355467
2021-06-09,124.34900029049098,124.2707977294922
2021-06-10,124.1632572111759,123.2737274169922
2021-06-11,123.68428231014268,124.48583984375
2021-06-14,124.9452691740398,127.54544067382812
2021-06-15,127.01760585265852,126.72434997558594
2021-06-16,127.43794610753424,127.22289276123048
2021-06-17,126.8807541337841,128.82598876953125
2021-06-18,127.77027153665138,127.52589416503906
2021-06-21,127.36948968462076,129.3245086669922
2021-06-22,129.15835197662773,130.96673583984375
2021-06-23,130.76148704310285,130.69305419921875
2021-06-24,131.42616459271213,130.40956115722656
2021-06-25,130.45842151503766,130.1162872314453
2021-06-28,130.40953513106874,131.74871826171875
2021-06-29,131.7683120915107,133.26390075683594
2021-06-30,133.1074588952949,133.87969970703125
2021-07-01,133.52782483763312,134.18275451660156
2021-07-02,134.79855843644995,136.81224060058594
2021-07-06,136.91977180863466,138.82591247558594
2021-07-07,140.31169406639702,141.31854248046875
2021-07-08,138.39579381995796,140.01846313476562
2021-07-09,139.53948199823574,141.84640502929688
2021-07-12,142.92168530949897,141.25013732910156
2021-07-13,140.79071085179643,142.364501953125
2021-07-14,144.76918951306558,145.79556274414062
2021-07-15,145.88354186128095,145.140625
2021-07-16,145.12104675803545,143.09759521484375
2021-07-19,140.5169964650382,139.24623107910156
2021-07-20,140.2335185818673,142.86300659179688
2021-07-21,142.2570096444792,142.1299285888672
2021-07-22,142.6577390590944,143.49839782714844
2021-07-23,144.2315469505393,145.2188262939453
2021-07-26,144.9353520535012,145.63916015625
2021-07-27,145.76622426436333,143.46908569335938
2021-07-28,141.55313976010396,141.7193145751953
2021-07-29,141.43587078750923,142.364501953125
2021-07-30,141.13284920856503,142.57955932617188
2021-08-02,143.06832751008895,142.24722290039062
2021-08-03,142.53067920795002,144.0458221435547
2021-08-04,143.95782973398676,143.64501953125
2021-08-05,143.6743304154893,143.75253295898438
2021-08-06,143.2728518562968,143.0672607421875
2021-08-09,143.12602882681142,143.01834106445312
2021-08-10,143.36095456781464,142.5386199951172
2021-08-11,142.97918986758629,142.79318237304688
2021-08-12,143.11624821655573,145.7594757080078
2021-08-13,145.8377859484882,145.96505737304688
2021-08-16,145.4168108670683,147.94256591796875
2021-08-17,147.07125687869845,147.0321044921875
2021-08-18,146.65032719515608,143.28265380859375
2021-08-19,141.98065411743994,143.61553955078125
2021-08-20,144.33995758675238,145.07418823242188
2021-08-23,145.191637464402,146.5622100830078
2021-08-24,146.3076667825046,146.47409057617188
2021-08-25,146.6600946599799,145.24058532714844
2021-08-26,145.23083262430814,144.43785095214844
2021-08-27,144.3791397151383,145.47560119628906
2021-08-30,145.86712924689024,149.90049743652344
2021-08-31,149.45018454491938,148.63763427734375
2021-09-01,149.61662363000326,149.3033447265625
2021-09-02,150.63476334782075,150.4193878173828
2021-09-03,150.5270554483364,151.0557098388672
2021-09-07,151.71164039348162,153.39547729492188
2021-09-08,153.67933999735516,151.84866333007812
2021-09-09,152.2206926173688,150.83055114746094
2021-09-10,151.74099688432676,145.83778381347656
2021-09-13,147.46288779538614,146.4055938720703
2021-09-14,147.18875336474773,145.00563049316406
2021-09-15,145.43639585173057,145.89651489257812
2021-09-16,145.3189280621593,145.66156005859375
2021-09-17,145.69094622198233,142.9889678955078
2021-09-20,140.7764733460014,139.93455505371094
2021-09-21,140.9037785830911,140.41429138183594
2021-09-22,141.412798340786,142.7833709716797
2021-09-23,143.5665137499952,143.74273681640625
2021-09-24,142.59736960568088,143.83087158203125
2021-09-27,142.41136468969736,142.31346130371094
2021-09-28,140.23803011414577,138.92620849609375
2021-09-29,139.47444250254287,139.82687377929688
2021-09-30,140.6393980602849,138.52481079101562
2021-10-01,138.91644980320578,139.6506805419922
2021-10-04,138.77936976647533,136.21446228027344
2021-10-05,136.55711770997038,138.14305114746094
2021-10-06,136.53752462157624,139.0143280029297
2021-10-07,140.05203130343006,140.27719116210938
2021-10-08,141.00164657806616,139.89540100097656
2021-10-11,139.27864208058458,139.80728149414062
2021-10-12,140.2184588719824,138.5346221923828
2021-10-13,138.27031362663757,137.94725036621094
2021-10-14,139.12201855652793,140.73731994628906
2021-10-15,140.7471372400319,141.7946319580078
2021-10-18,140.43380286668176,143.4686279296875
2021-10-19,143.91898215404882,145.63218688964844
2021-10-20,145.5734808631469,146.1217041015625
2021-10-21,145.68112531490897,146.3370361328125
2021-10-22,146.5426337568644,145.56365966796875
2021-10-25,145.55384660101817,145.5146942138672
2021-10-26,146.190204285219,146.180419921875
2021-10-27,146.21957782913032,145.72030639648438
2021-10-28,146.6698822235755,149.362060546875
2021-10-29,144.12457450867834,146.65032958984375
2021-11-01,145.85738622241698,145.82801818847656
2021-11-02,145.53430194477542,146.86570739746094
2021-11-03,147.22790166001485,148.30477905273438
2021-11-04,148.39290892226862,147.78594970703125
2021-11-05,148.9133844562671,148.31533813476562
2021-11-08,148.44281334152436,147.4918212890625
2021-11-09,147.2565220755238,147.8545684814453
2021-11-10,147.080046521764,145.0211944580078
2021-11-11,146.0408184691879,144.97216796875
2021-11-12,145.5211876519379,147.05062866210938
2021-11-15,147.42315376898895,147.06040954589844
2021-11-16,147.0016078768631,148.04083251953125
2021-11-17,148.04086192024133,150.48207092285156
2021-11-18,150.6977495476136,154.77621459960938
2021-11-19,154.56050917485408,157.4036865234375
2021-11-22,158.51157191251716,157.86451721191406
2021-11-23,157.96251620186436,158.24684143066406
2021-11-24,157.5997519763684,158.7664337158203
2021-11-26,156.44290597018036,153.7369842529297
2021-11-29,156.24681646555752,157.0997772216797
2021-11-30,156.85467072649087,162.06060791015625
2021-12-01,164.19789952763372,161.541015625
2021-12-02,155.62915443498412,160.55076599121094
2021-12-03,160.80568201972204,158.66839599609375
2021-12-06,161.07037153513377,162.0802001953125
2021-12-07,165.76652602150847,167.8253631591797
2021-12-08,168.75675548519916,171.64894104003906
2021-12-09,171.48232250935425,171.13917541503906
2021-12-10,171.77641985782503,175.93331909179688
2021-12-13,177.57056250136455,172.29600524902344
2021-12-14,171.81561944442183,170.9136505126953
2021-12-15,171.6783640596761,175.7862548828125
2021-12-16,175.76663371395836,168.8842010498047
2021-12-17,166.59985400570395,167.78614807128906
2021-12-20,164.98222247126822,166.4234161376953
2021-12-21,168.1979456623426,169.5999298095703
2021-12-22,169.64891396436306,172.19796752929688
2021-12-23,172.40387334427473,172.825439453125
2021-12-27,173.61955533140323,176.7960662841797
2021-12-28,176.62935824711542,175.77639770507812
2021-12-29,175.81564666485653,175.8646697998047
2021-12-30,175.95289469651084,174.70777893066406
2021-12-31,174.5999629626884,174.0901641845703
2022-01-03,174.34505345884557,178.44313049316406
2022-01-04,179.05099416209845,176.17840576171875
2022-01-05,176.09017287650624,171.49208068847656
2022-01-06,169.3155667126804,168.62928771972656
2022-01-07,169.50185073224034,168.79595947265625
2022-01-10,165.76654355936012,168.8155975341797
2022-01-11,168.94303442923228,171.64894104003906
2022-01-12,172.66855252404713,172.09011840820312
2022-01-13,172.33524076743157,168.8155975341797
2022-01-14,167.98225196839817,169.67835998535156
2022-01-18,168.14890807010434,166.47242736816406
2022-01-19,166.6685205840363,162.97239685058594
2022-01-20,163.7076835662155,161.2860870361328
2022-01-21,161.19785371976124,159.2272491455078
2022-01-24,156.88410755310724,158.45274353027344
2022-01-25,155.86444788627315,156.64877319335938
2022-01-26,160.29586403596446,156.56053161621094
2022-01-27,159.26641265987436,156.09971618652344
2022-01-28,162.4625632621154,166.9920196533203
2022-01-31,166.8253561445004,171.3548126220703
2022-02-01,170.59989317993646,171.18814086914062
2022-02-02,171.32540739423024,172.39404296875
2022-02-03,171.06072690938532,169.51168823242188
2022-02-04,168.53001022690663,169.22698974609375
2022-02-07,169.68837067678015,168.51039123535156
2022-02-08,168.57912565086542,171.62225341796875
2022-02-09,172.81981752201338,173.04559326171875
2022-02-10,170.94488589786454,168.96194458007812
2022-02-11,169.16807428684055,165.5457763671875
2022-02-14,164.2990832872494,165.78138732910156
2022-02-15,167.83306039444423,169.61965942382812
2022-02-16,168.6969102835062,169.38406372070312
2022-02-17,167.8919330456037,165.78138732910156
2022-02-18,166.70414435001902,164.23037719726562
2022-02-22,161.95293260639133,161.3050537109375
2022-02-23,162.50266399183914,157.13304138183594
2022-02-24,149.78049910044882,159.75408935546875
2022-02-25,160.83388489976153,161.8253631591797
2022-02-28,160.06816196139965,162.09036254882812
2022-03-01,161.67809026330085,160.2056121826172
2022-03-02,161.37376901896334,163.5039520263672
2022-03-03,165.3789292736247,163.18002319335938
2022-03-04,161.47191984720897,160.17613220214844
2022-03-07,160.3626714753167,156.37716674804688
2022-03-08,155.90596926887457,154.55128479003906
2022-03-09,158.51717530744355,159.960205078125
2022-03-10,157.26063347822767,155.61146545410156
2022-03-11,156.01394178449013,151.89100646972656
2022-03-14,148.67121841249335,147.8564453125
2022-03-15,148.1312610379761,152.244384765625
2022-03-16,154.16846031293665,156.66184997558594
2022-03-17,155.6998128738619,157.6729278564453
2022-03-18,157.5649793576743,160.9713134765625
2022-03-21,160.509897071507,162.34559631347656
2022-03-22,162.4732378051616,165.72251892089844
2022-03-23,164.9077066995065,167.08697509765625
2022-03-24,167.9213927494687,170.8761749267578
2022-03-25,170.68965237563202,171.5142364501953
2022-03-28,169.01100841776184,172.37808227539062
2022-03-29,173.44811341555263,175.6764678955078
2022-03-30,175.27397290735905,174.50828552246094
2022-03-31,174.5769971900877,171.40626525878906
2022-04-01,170.83689401317795,171.11175537109375
2022-04-04,171.36701159217134,175.16600036621094
2022-04-05,174.24325609628116,171.8480224609375
2022-04-06,169.1975663148219,168.6772918701172
2022-04-07,168.01955265843017,168.9815673828125
2022-04-08,168.6282022656161,166.96920776367188
2022-04-11,165.61449746357707,162.70880126953125
2022-04-12,164.93718134727845,164.5837860107422
2022-04-13,164.31873134170252,167.27349853515625
2022-04-14,167.4894547350742,162.2572479248047
2022-04-18,160.91239673580466,162.0413055419922
2022-04-19,161.9922304806441,164.32855224609375
2022-04-20,165.66356250002266,164.16163635253906
2022-04-21,165.81083486701775,163.36651611328125
2022-04-22,163.40580023778472,158.82147216796875
2022-04-25,158.16376241881838,159.8914794921875
2022-04-26,159.27305079434743,153.9230499267578
2022-04-27,153.0493716898695,153.697265625
2022-04-28,156.32810562375522,160.63755798339844
2022-04-29,158.87053962186658,154.75741577148438
2022-05-02,153.8346722144635,155.06173706054688
2022-05-03,155.24827964309745,156.5538787841797
2022-05-04,156.74039514151906,162.97389221191406
2022-05-05,160.84365112993797,153.8935546875
2022-05-06,153.37257473502316,154.62110900878906
2022-05-09,152.31079472594658,149.48931884765625
2022-05-10,152.89082298326753,151.89788818359375
2022-05-11,150.90497555260774,144.0233154296875
2022-05-12,140.3563740008872,140.14991760253906
2022-05-13,142.14558429881745,144.62298583984375
2022-05-16,143.08936935150413,143.07952880859375
2022-05-17,146.3434146138869,146.7169952392578
2022-05-18,144.36743555765233,138.4393768310547
2022-05-19,137.51521156545672,135.02798461914062
2022-05-20,136.73855719175506,135.263916015625
2022-05-23,135.46054440281267,140.69061279296875
2022-05-24,138.4294957252956,137.9871063232422
2022-05-25,136.0897458139781,138.14442443847656
2022-05-26,135.0673319135833,141.34930419921875
2022-05-27,142.9321083952799,147.11026000976562
2022-05-31,146.54988348979353,146.32376098632812
2022-06-01,147.36580755186637,146.19593811035156
2022-06-02,145.33083811208033,148.65370178222656
2022-06-03,144.4165490295479,142.92225646972656
2022-06-06,144.54435641942476,143.66940307617188
2022-06-07,141.9096470027296,146.19593811035156
2022-06-08,146.06816238698744,145.45864868164062
2022-06-09,144.5935179486459,140.22857666015625
2022-06-10,137.9084627463307,134.8117218017578
2022-06-13,130.6237359424125,129.65048217773438
2022-06-14,130.8793648770148,130.51560974121094
2022-06-15,132.01969996284308,133.1404266357422
2022-06-16,129.84707567441438,127.86122131347656
2022-06-17,127.87107564040532,129.33587646484375
2022-06-21,131.16443535080262,133.57301330566406
2022-06-22,132.5112527755898,133.06179809570312
2022-06-23,134.5069807437755,135.93246459960938
2022-06-24,137.53486614834085,139.26512145996094
2022-06-27,140.28753277978765,139.26512145996094
2022-06-28,139.72716879272002,135.116455078125
2022-06-29,135.13613945781051,136.87620544433594
2022-06-30,134.92968437677243,134.4086456298828
2022-07-01,133.7401565905966,136.581298828125
2022-07-05,135.44087390702856,139.1667938232422
2022-07-06,138.96037976700046,140.5038299560547
2022-07-07,140.8675883216018,143.87586975097656
2022-07-08,142.80424710112618,144.5541534423828
2022-07-11,143.20734636825597,142.42086791992188
2022-07-12,143.2958190916168,143.39413452148438
2022-07-13,140.57265975093034,143.0303955078125
2022-07-14,141.64423829848138,145.96002197265625
2022-07-15,147.24784996064128,147.63125610351562
2022-07-18,148.1916489524308,144.5836944580078
2022-07-19,145.41933284394,148.447265625
2022-07-20,148.5652193610668,150.4527587890625
2022-07-21,151.8880729314102,152.7237091064453
2022-07-22,152.76302623024424,151.48500061035156
2022-07-25,151.40638137823638,150.3643035888672
2022-07-26,149.6859555702162,149.03712463378906
2022-07-27,150.00050995604346,154.1393280029297
2022-07-28,154.32615575764223,154.68991088867188
2022-07-29,158.51411543428287,159.76263427734375
2022-08-01,158.28802433199732,158.77957153320312
2022-08-02,157.39342153843546,157.304931640625
2022-08-03,158.12087978749662,163.3214569091797
2022-08-04,163.20349759569137,163.0068817138672
2022-08-05,160.67369781797885,162.7804412841797
2022-08-08,163.7845816314674,162.30789184570312
2022-08-09,161.47112401818703,162.3571319580078
2022-08-10,165.07424565037454,166.61001586914062
2022-08-11,167.41725259761515,165.8716583251953
2022-08-12,167.18095491681882,169.42552185058594
2022-08-15,168.85456522976827,170.4986114501953
2022-08-16,170.09497999617207,170.34109497070312
2022-08-17,170.0851412165275,171.8374786376953
2022-08-18,171.04993231896626,171.44371032714844
2022-08-19,170.34108214913311,168.85455322265625
2022-08-22,167.0530078857762,164.96595764160156
2022-08-23,164.48353211875664,164.63119506835938
2022-08-24,164.71981604973067,164.92654418945312
2022-08-25,166.15715087983543,167.38772583007812
2022-08-26,167.91934018438116,161.07733154296875
2022-08-29,158.64566429825078,158.87210083007812
2022-08-30,159.6104987851323,156.44053649902344
2022-08-31,157.81875651310324,154.7767791748047
2022-09-01,154.20580050146393,155.5052947998047
2022-09-02,157.26744570942157,153.388671875
2022-09-06,154.0384095074989,152.12855529785156
2022-09-07,152.41409323627113,153.536376953125
2022-09-08,152.23685741248187,152.05966186523438
2022-09-09,153.05400095933032,154.92446899414062
2022-09-12,157.10995164172124,160.89027404785156
2022-09-13,157.41516672689878,151.4493408203125
2022-09-14,152.3845305395428,152.89645385742188
2022-09-15,152.24671887947383,150.0021514892578
2022-09-16,148.86020800935316,148.35812377929688
2022-09-19,146.98970508767258,152.07936096191406
2022-09-20,151.0161367015711,154.4617462158203
2022-09-21,154.8949324005984,151.33119201660156
2022-09-22,150.01200313979504,150.3664093017578
2022-09-23,148.84048424162157,148.09228515625
2022-09-26,147.33428131353384,148.42703247070312
2022-09-27,150.36639273150132,149.401611328125
2022-09-28,145.34565069913458,147.51145935058594
2022-09-29,143.82957793472042,140.2658233642578
2022-09-30,139.0844911492741,136.05235290527344
2022-10-03,136.06222721595856,140.236328125
2022-10-04,142.77619544864433,143.82957458496094
2022-10-05,141.83113033653302,144.12490844726562
2022-10-06,143.54411304208395,143.17001342773438
2022-10-07,140.32490279514894,137.91297912597656
2022-10-10,138.2378692626953,138.2378692626953
2022-10-11,137.7259221748937,136.82022094726562
2022-10-12,136.96791731761857,136.190185546875
2022-10-13,132.8922353283637,140.76791381835938
2022-10-14,142.06742450695816,136.22958374023438
2022-10-17,138.8777422312096,140.19691467285156
2022-10-18,143.22906350371468,141.51609802246094
2022-10-19,139.488098622933,141.62437438964844
2022-10-20,140.7974520498777,141.1616973876953
2022-10-21,140.6497673856839,144.9813995361328
2022-10-24,144.90264390563777,147.1275177001953
2022-10-25,147.7575758033074,149.9726104736328
2022-10-26,148.61407962000084,147.0290985107422
2022-10-27,145.76897734753766,142.54978942871094
2022-10-28,145.89692843507157,153.31976318359375
2022-10-31,150.77988145527678,150.9570770263672
2022-11-01,152.6700490040681,148.3088836669922
2022-11-02,146.6353268529598,142.7762451171875
2022-11-03,139.85234595133585,136.72177124023438
2022-11-04,140.11396333862294,136.45556640625
2022-11-07,135.2031961352515,136.98802185058594
2022-11-08,138.457315240062,137.55996704101562
2022-11-09,136.57387654941147,132.99435424804688
2022-11-10,139.2757903878347,144.82748413085938
2022-11-11,143.79207283535823,147.61810302734375
2022-11-14,146.89824089020306,146.21783447265625
2022-11-15,150.10309040489915,147.95339965820312
2022-11-16,147.05604720027458,146.72076416015625
2022-11-17,144.39358466739876,148.62393188476562
2022-11-18,150.19179299707827,149.18597412109375
2022-11-21,148.07172328326632,145.9516143798828
2022-11-22,146.06993712168023,148.09141540527344
2022-11-23,147.3716047055876,148.96908569335938
2022-11-25,146.24744752036312,146.05023193359375
2022-11-28,143.12154400613,142.21434020996094
2022-11-29,142.2833153607106,139.2067108154297
2022-11-30,139.4335280851677,145.97132873535156
2022-12-01,146.14883626075934,146.2474365234375
2022-12-02,143.93013162674256,145.75439453125
2022-12-05,145.71498109956457,144.59083557128906
2022-12-06,145.02469664926164,140.92254638671875
2022-12-07,140.21255080814953,138.9799346923828
2022-12-08,140.380207847569,140.66616821289062
2022-12-09,140.3604729146931,140.1829833984375
2022-12-12,140.71546075742316,142.48057556152344
2022-12-13,147.4209143273598,143.44696044921875
2022-12-14,143.32859121325015,141.21835327148438
2022-12-15,139.14757356682156,134.6016845703125
2022-12-16,134.7890645018001,132.63937377929688
2022-12-19,133.23102933615738,130.5291290283203
2022-12-20,129.5627349310346,130.4600830078125
2022-12-21,131.1306634032082,133.56631469726562
2022-12-22,132.48159480562174,130.3910675048828
2022-12-23,129.09929998620072,130.02622985839844
2022-12-27,129.55288050582337,128.22164916992188
2022-12-28,127.8666776669259,124.28716278076172
2022-12-29,126.2100370570361,127.80751037597656
2022-12-30,126.62421153870504,128.12306213378906
2023-01-03,128.46817007852962,123.33062744140624
2023-01-04,125.12534263515172,124.60271453857422
2023-01-05,125.36199835089351,123.28134155273438
2023-01-06,124.2575788089564,127.81736755371094
2023-01-09,128.6555533163335,128.33999633789062
2023-01-10,128.4484461785051,128.9119110107422
2023-01-11,129.4247214433815,131.63357543945312
2023-01-12,132.01816778531338,131.55470275878906
2023-01-13,130.19384999657817,132.88587951660156
2023-01-17,132.95492042575748,134.0494842529297
2023-01-18,134.91723044564642,133.32962036132812
2023-01-19,132.21534095915428,133.3887939453125
2023-01-20,133.3986444948596,135.95262145996094
2023-01-23,136.19917447397063,139.14759826660156
2023-01-24,138.35869358432294,140.54782104492188
2023-01-25,138.93063463423644,139.88714599609375
2023-01-26,141.17890975078,141.9579315185547
2023-01-27,141.16907645645273,143.90054321289062
2023-01-30,142.9440712375221,141.01132202148438
2023-01-31,140.71547141700836,142.28335571289062
2023-02-01,141.967813832125,143.40750122070312
2023-02-02,146.82922262442523,148.7225341796875
2023-02-03,145.97132678498124,152.35134887695312
2023-02-06,150.4482178700856,149.61988830566406
2023-02-07,148.54504029445562,152.499267578125
2023-02-08,151.73998447588093,149.80723571777344
2023-02-09,151.64136936063508,148.77183532714844
2023-02-10,147.60650220064647,149.13726806640625
2023-02-13,149.07800220373113,151.94204711914062
2023-02-14,150.233471212628,151.30007934570312
2023-02-15,151.21120146838675,153.40367126464844
2023-02-16,151.60624021713144,151.80377197265625
2023-02-17,150.46064065840176,150.6581573486328
2023-02-21,148.33731221810694,146.63864135742188
2023-02-22,147.0237810788301,147.06329345703125
2023-02-23,148.22867140254277,147.54722595214844
2023-02-24,145.28564318748033,144.89060974121094
2023-02-27,145.8781840387877,146.0855712890625
2023-02-28,145.2263730908277,145.5819091796875
2023-03-01,145.00908849876785,143.5079345703125
2023-03-02,142.58950014966683,144.10052490234375
2023-03-03,146.20408774818284,149.15701293945312
2023-03-06,151.8827898611123,151.92230224609375
2023-03-07,151.79391895570362,149.719970703125
2023-03-08,150.91494388116536,150.9741973876953
2023-03-09,151.65561114338573,148.72244262695312
2023-03-10,148.34717096498875,146.6583709716797
2023-03-13,145.97691233719496,148.6039276123047
2023-03-14,149.4039106364519,150.69766235351562
2023-03-15,149.3150168625453,151.0926971435547
2023-03-16,150.27299535550645,153.917236328125
2023-03-17,154.14438228182223,153.07777404785156
2023-03-20,153.14690680049927,155.447998046875
2023-03-21,155.36900288355957,157.3046875
2023-03-22,157.32443633451206,155.87266540527344
2023-03-23,156.86027933820688,156.9590301513672
2023-03-24,156.88991856429575,158.26268005371094
2023-03-27,157.9565254779494,156.31710815429688
2023-03-28,156.01093927220384,155.6949005126953
2023-03-29,157.39358278783644,158.77622985839844
2023-03-30,159.52677281990913,160.3464813232422
2023-03-31,160.42549668949934,162.85498046875
2023-04-03,162.23280658606208,164.10923767089844
2023-04-04,164.53391473562277,163.57594299316406
2023-04-05,162.6969680127728,161.72911071777344
2023-04-06,160.41561028699388,162.6179656982422
2023-04-10,159.4181788200064,160.02061462402344
2023-04-11,160.33662790848967,158.80584716796875
2023-04-12,159.22063801456596,158.11453247070312
2023-04-13,159.62553564766657,163.5067901611328
2023-04-14,162.5488419808256,163.16116333007812
2023-04-17,163.04264500551295,163.180908203125
2023-04-18,164.04014141829643,164.40554809570312
2023-04-19,163.74385542338587,165.55116271972656
2023-04-20,164.03026014199096,164.58331298828125
2023-04-21,163.00315275355902,162.97352600097656
2023-04-24,162.953784226715,163.27969360351562
2023-04-25,163.1414017604714,161.739013671875
2023-04-26,161.03779484245666,161.72911071777344
2023-04-27,163.14140369362494,166.32147216796875
2023-04-28,166.40049965137715,167.5757293701172
2023-05-01,167.180693761707,167.48684692382812
2023-05-02,167.98064044655123,166.44985961914062
2023-05-03,167.3979472668269,165.3733673095703
2023-05-04,162.8451151367803,163.73394775390625
2023-05-05,168.85960390825258,171.41749572753906
2023-05-08,170.34100335662225,171.34835815429688
2023-05-09,170.9039412906591,169.6398162841797
2023-05-10,170.87431142683658,171.40760803222656
2023-05-11,171.6940265101682,171.5952606201172
2023-05-12,171.70405030041803,170.6656494140625
2023-05-15,171.24911034897144,170.171142578125
2023-05-16,170.0920236008516,170.171142578125
2023-05-17,169.81512066054435,170.7843017578125
2023-05-18,171.0908902546592,173.11827087402344
2023-05-19,174.44347306887536,173.22705078125
2023-05-22,172.06002976447343,172.27760314941406
2023-05-23,171.2194603598222,169.66677856445312
2023-05-24,169.2019563309073,169.9436798095703
2023-05-25,170.50739236656926,171.08099365234375
2023-05-26,171.40734829469508,173.49404907226562
2023-05-30,175.00721567649254,175.3434600830078
2023-05-31,175.37307954346696,175.29396057128906
2023-06-01,175.73899077622127,178.1026153564453
2023-06-02,179.03225923715402,178.95314025878906
2023-06-05,180.6145961643528,177.59825134277344
2023-06-06,177.98396853821802,177.23236083984375
2023-06-07,176.47083445864072,175.85768127441406
2023-06-08,175.93678298136524,178.57733154296875
2023-06-09,179.4970621604222,178.96302795410156
2023-06-12,179.26961514651788,181.7617950439453
2023-06-13,180.78272761470595,181.28709411621097
2023-06-14,181.3464426387383,181.9200439453125
2023-06-15,181.9299555739799,183.9573211669922
2023-06-16,184.66937243020823,182.8793487548828
2023-06-20,182.37495308855412,182.96832275390625
2023-06-21,182.85954567430247,181.929931640625
2023-06-22,181.7123668419414,184.93638610839844
2023-06-23,183.5023838322858,184.61990356445312
2023-06-26,184.76826151663465,183.22547912597656
2023-06-27,183.83862880561904,185.98468017578125
2023-06-28,185.8561043245189,187.1615447998047
2023-06-29,186.9934209820816,187.4977874755859
2023-06-30,189.51532434310897,191.8294982910156
2023-07-03,191.6415459416396,190.33612060546875
2023-07-05,189.45596962493224,189.21861267089844
2023-07-06,187.74505196417672,189.6933135986328
2023-07-07,189.29771490007704,188.5757598876953
2023-07-10,187.17143117099337,186.5286102294922
2023-07-11,187.07255444450544,186.0044708251953
2023-07-12,187.5868087386057,187.6758270263672
2023-07-13,188.39774969290625,188.4373016357422
2023-07-14,188.13071726198152,188.5856475830078
2023-07-17,189.7822957354681,191.8492431640625
2023-07-18,191.2163362331192,191.59213256835935
2023-07-19,190.9690618542327,192.94699096679688
2023-07-20,192.9370956401489,190.9987335205078
2023-07-21,191.95803606721273,189.8218688964844
2023-07-24,191.27566036710277,190.62294006347656
2023-07-25,191.19652904765343,191.4833221435547
2023-07-26,191.53277997466063,192.35362243652344
2023-07-27,193.85684188907683,191.08773803710935
2023-07-28,192.52172755154825,193.66893005371097
2023-07-31,193.8963936498011,194.28208923339844
2023-08-01,194.07440747187567,193.45135498046875
2023-08-02,192.88766337294663,190.4548187255859
2023-08-03,189.45595867004647,189.06036376953125
2023-08-04,183.47271804853088,179.98167419433594
2023-08-07,180.12009916893692,176.8762969970703
2023-08-08,177.70702446409274,177.81581115722656
2023-08-09,178.8740046582552,176.2235870361328
2023-08-10,177.49935830249015,176.0060272216797
2023-08-11,175.60001780962375,176.06544494628906
2023-08-14,176.24371615843643,177.71926879882812
2023-08-15,177.1448814654077,175.72874450683594
2023-08-16,175.4118501481314,174.85728454589844
2023-08-17,175.42176719468313,172.31222534179688
2023-08-18,170.62871045348956,172.79747009277344
2023-08-21,173.37184868637627,174.13436889648438
2023-08-22,175.34253031574917,175.51087951660156
2023-08-23,176.78838784399545,179.3631591796875
2023-08-24,178.91750900229638,174.66912841796875
2023-08-25,175.6594223889941,176.8774871826172
2023-08-28,178.34313313971825,178.44216918945312
2023-08-29,177.95693577395411,182.3340606689453
2023-08-30,183.14611375769312,185.8298187255859
2023-08-31,186.0179606639307,186.04766845703125
2023-09-01,187.65196121049496,187.62225341796875
2023-09-05,186.453699999912,187.85992431640625
2023-09-06,186.57252563325392,181.1357879638672
2023-09-07,173.48075801343515,175.83767700195312
2023-09-08,176.62003973987865,176.45167541503906
2023-09-11,178.3233437087065,177.62022399902344
2023-09-12,177.7489799506068,174.5899200439453
2023-09-13,174.79785006313273,172.52017211914062
2023-09-14,172.31221179761187,174.03533935546875
2023-09-15,174.76813536061914,173.31239318847656
2023-09-18,174.76813049970744,176.24368286132812
2023-09-19,175.7980702206982,177.33303833007812
2023-09-20,177.52120149038592,173.78778076171875
2023-09-21,172.8569010557525,172.24290466308594
2023-09-22,172.97572753179696,173.0945587158203
2023-09-25,172.51025571431984,174.3720245361328
2023-09-26,173.12423523842645,170.29197692871094
2023-09-27,170.94559986493434,168.77684020996094
2023-09-28,167.69742105029528,169.03433227539062
2023-09-29,170.3514112168,169.5492706298828
2023-10-02,169.55917827580257,172.06463623046875
2023-10-03,170.589096012129,170.7277374267578
2023-10-04,169.43043127173715,171.9755096435547
2023-10-05,172.10423261632292,173.21337890625
2023-10-06,172.1141617663429,175.76837158203125
2023-10-09,175.09495269037183,177.25381469726562
2023-10-10,176.37242659771795,176.65960693359375
2023-10-11,176.47143759166542,178.05592346191406
2023-10-12,178.3233466007442,178.95713806152344
2023-10-13,179.66022118086906,177.1151580810547
2023-10-16,175.03554253225204,176.98643493652344
2023-10-17,174.93650583601004,175.43165588378906
2023-10-18,173.87689630601963,174.13436889648438
2023-10-19,174.33243269200634,173.75807189941406
2023-10-20,173.60951658974062,171.20309448242188
2023-10-23,169.25219112217718,171.32191467285156
2023-10-24,171.3714282347356,171.7576446533203
2023-10-25,170.2127862637829,169.4403533935547
2023-10-26,168.71743481214864,165.2711944580078
2023-10-27,165.29098147440297,166.58827209472656
2023-10-30,167.38051344932887,168.63818359375
2023-10-31,167.70731641765212,169.11354064941406
2023-11-01,169.34129385969914,172.28248596191406
2023-11-02,173.8174769968696,175.84759521484375
2023-11-03,172.5498813500308,174.93649291992188
2023-11-06,174.66912431484397,177.49147033691406
2023-11-07,177.44195927584823,180.05636596679688
2023-11-08,180.581241871906,181.11599731445312
2023-11-09,181.18530832204868,180.64064025878903
2023-11-10,182.425536381392,184.8351287841797
2023-11-13,184.25999143916752,183.24855041503903
2023-11-14,186.12420582715117,185.86639404296875
2023-11-15,186.2729648412074,186.43161010742188
2023-11-16,187.9785160308428,188.11734008789065
2023-11-17,188.65281519385715,188.09751892089844
2023-11-20,188.2958115269965,189.84271240234375
2023-11-21,189.8030754431615,189.03953552246097
2023-11-22,189.88239992204348,189.7039031982422
2023-11-24,189.26759079649733,188.37515258789065
2023-11-27,188.3255687303111,188.1966552734375
2023-11-28,188.1867388581487,188.8015289306641
2023-11-29,189.2973359031836,187.7801818847656
2023-11-30,188.2462390361622,188.35531616210935
2023-12-01,188.73214223180457,189.6345062255859
2023-12-04,188.3850768316175,187.83969116210935
2023-12-05,188.61313058416235,191.79617309570312
2023-12-06,192.81756772030812,190.70545959472656
2023-12-07,192.0044269286476,192.63905334472656
2023-12-08,192.56963798027985,194.0669708251953
2023-12-11,191.48879255742057,191.5581970214844
2023-12-12,191.45904261144975,193.0753631591797
2023-12-13,193.45216455954895,196.2980804443359
2023-12-14,196.35758232148717,196.4468231201172
2023-12-15,195.87165851894784,195.9113311767578
2023-12-18,194.44378607807735,194.24546813964844
2023-12-19,194.51318587990949,195.28663635253903
2023-12-20,195.24694969676773,193.1943359375
2023-12-21,194.4537006027836,193.0456085205078
2023-12-22,193.54140785907617,191.9746856689453
2023-12-26,191.9845869837648,191.4292907714844
2023-12-27,190.8739795713314,191.52842712402344
2023-12-28,192.51014548202977,191.9548492431641
2023-12-29,192.27214410156537,190.9136505126953
2024-01-02,185.5788148528252,184.0814971923828
2024-01-03,182.6734238450404,182.7031707763672
2024-01-04,180.62077266265916,180.38279724121097
2024-01-05,180.46217873225785,179.65896606445312
2024-01-08,180.56131218264795,184.0021820068359
2024-01-09,182.37594957443395,183.5857086181641
2024-01-10,182.80234296869347,184.62689208984375
2024-01-11,184.97392753345,184.0319061279297
2024-01-12,184.4979854428044,184.35916137695312
2024-01-16,180.630703626113,182.08836364746097
2024-01-17,179.74818071767538,181.14633178710935
2024-01-18,184.52771753168437,187.04640197753903
2024-01-19,187.74053828049293,189.95181274414065
2024-01-22,190.68558968364889,192.26223754882812
2024-01-23,193.38275184285897,193.54139709472656
2024-01-24,193.7793857004472,192.8671112060547
2024-01-25,193.581074455708,192.53988647460935
2024-01-26,192.63905549468925,190.80458068847656
2024-01-29,190.39803999060732,190.12039184570312
2024-01-30,189.33701232459805,186.4613494873047
2024-01-31,185.46971848403524,182.8518829345703
2024-02-01,182.4453590429028,185.291259765625
2024-02-02,178.35003123610636,184.2897491455078
2024-02-05,186.57042555488337,186.1043701171875
2024-02-06,185.2912518041467,187.7107696533203
2024-02-07,189.0395243124124,187.81985473632812
2024-02-08,187.80000754030144,186.7389984130859
2024-02-09,187.30492339729363,187.5035095214844
2024-02-12,187.0765772861258,185.8156280517578
2024-02-13,184.44546335353,183.7206573486328
2024-02-14,183.99870756617025,182.8370361328125
2024-02-15,182.2413002337134,182.5490875244141
2024-02-16,182.1122335213933,181.01014709472656
2024-02-20,180.49384354523508,180.26548767089844
2024-02-21,180.64276986037865,181.0200653076172
2024-02-22,182.1717814956972,183.0554351806641
2024-02-23,183.6908798817894,181.21864318847656
2024-02-26,180.94063332165365,179.8683319091797
2024-02-27,179.8087756065873,181.3278656005859
2024-02-28,181.2087201561828,180.12649536132812
2024-02-29,179.97756989489093,179.46127319335938
2024-03-01,178.26981201401622,178.3790283203125
2024-03-04,174.8940486462885,173.85154724121094
2024-03-05,169.54246434952904,168.9070281982422
2024-03-06,169.84035496658896,167.9141845703125
2024-03-07,167.9439531253601,167.79502868652344
2024-03-08,167.7950495135339,169.51271057128906
2024-03-11,171.7069430151515,171.51829528808594
2024-03-12,171.9154568772979,171.99488830566406
2024-03-13,171.53817270319811,169.9098663330078
2024-03-14,171.67715534575908,171.76651000976562
2024-03-15,169.94954753501827,171.3892059326172
2024-03-18,174.31819990832292,172.48138427734375
2024-03-19,173.09697026746844,174.82456970214844
2024-03-20,174.46712406809783,177.39608764648438
2024-03-21,175.7876735060359,170.14816284179688
2024-03-22,170.5353695457136,171.05166625976562
2024-03-25,169.3538487990515,169.63185119628906
2024-03-26,168.787925677805,168.5
2024-03-27,169.19499314475576,172.07431030273438
2024-03-28,170.5254338962422,170.25735473632812
2024-04-01,169.9694362083208,168.8177032470703
2024-04-02,167.87446369081778,167.63616943359375
2024-04-03,167.5865303145986,168.44039916992188
2024-04-04,169.07582268557752,167.61631774902344
2024-04-05,168.38081863168355,168.3708953857422
2024-04-08,167.82482886831443,167.24896240234375
2024-04-09,167.49718091534808,168.46026611328125
2024-04-10,167.59648730602532,166.58375549316406
2024-04-11,167.13975023930564,173.79197692871094
2024-04-12,173.0175179827845,175.29119873046875
2024-04-15,174.10968609239896,171.45872497558594
2024-04-16,170.52542991803605,168.17233276367188
2024-04-17,168.4006911997193,166.8021697998047
2024-04-18,166.83194578270678,165.8489990234375
2024-04-19,165.02494208062998,163.8235626220703
2024-04-22,164.33985172403135,164.65756225585938
2024-04-23,164.17108536017497,165.71002197265625
2024-04-24,165.35258209827205,167.81491088867188
2024-04-25,168.32127707377066,168.6787109375
2024-04-26,168.66876193087458,168.0928955078125
2024-04-29,172.1338767566388,172.26295471191406
2024-04-30,172.09416491333778,169.1155548095703
2024-05-01,168.37089789825708,168.0928955078125
2024-05-02,171.27999852318183,171.79629516601562
2024-05-03,185.31921489638069,182.07254028320312
2024-05-06,181.04984964293004,180.41441345214844
2024-05-07,182.1420038655686,181.0994873046875
2024-05-08,181.5462890620128,181.43707275390625
2024-05-09,181.25838005348476,183.25405883789065
2024-05-10,183.83065525294157,181.99136352539065
2024-05-13,184.36755931231187,185.20269775390625
2024-05-14,186.4255779791011,186.34603881835935
2024-05-15,186.8232879601364,188.6228179931641
2024-05-16,189.36845732702145,188.7420959472656
2024-05-17,188.4140082479681,188.7719268798828
2024-05-20,188.2350632210391,189.93516540527344
2024-05-21,189.98487181213304,191.2375946044922
2024-05-22,191.158046649762,189.79595947265625
2024-05-23,189.87550428926585,185.7992248535156
2024-05-24,187.72800676525617,188.88128662109375
2024-05-28,190.40243380522855,188.8912353515625
2024-05-29,188.51345399670836,189.18951416015625
2024-05-30,189.6567821553814,190.1837158203125
2024-05-31,190.33285520255313,191.13816833496097
2024-06-03,191.784412862338,192.9078826904297
2024-06-04,193.5143599019416,193.22604370117188
2024-06-05,194.269945311189,194.7372283935547
2024-06-06,194.55827933508485,193.3552703857422
2024-06-07,193.52429170702464,195.7513427734375
2024-06-10,195.7612815959928,192.00314331054688
2024-06-11,192.53006958414636,205.95199584960935
2024-06-12,206.1707358379729,211.83778381347656
2024-06-13,213.49810017257707,213.00099182128903
2024-06-14,212.613243693924,211.2611083984375
2024-06-17,212.13602802573277,215.4169464111328
2024-06-18,216.33159234343563,213.05067443847656
2024-06-20,212.69279821776487,208.4673767089844
2024-06-21,209.17326157128963,206.2900390625
2024-06-24,206.5187100711235,206.936279296875
2024-06-25,207.94042486793816,207.86090087890625
2024-06-26,210.2768291728298,212.01670837402344
2024-06-27,213.4484006592916,212.86181640625
2024-06-28,214.5221416113415,209.40191650390625
2024-07-01,210.86340670792907,215.4964599609375
2024-07-02,214.89994100712372,218.99612426757812
2024-07-03,218.72768354780237,220.2687225341797
2024-07-05,220.3681420180832,225.0310211181641
2024-07-08,225.7766827586142,226.50247192382812
2024-07-09,226.6118203351868,227.35748291015625
2024-07-10,227.9739187958725,231.63262939453125
2024-07-11,230.0518062316796,226.25390625
2024-07-12,227.59606946814415,229.20669555664065
2024-07-15,235.11237576276483,233.04440307617188
2024-07-16,233.6409573645456,233.4620056152344
2024-07-17,228.1230311101644,227.55633544921875
2024-07-18,228.94822726389444,222.8834991455078
2024-07-19,223.5198318918375,223.0127716064453
2024-07-22,225.69715940648985,222.6648101806641
2024-07-23,223.07241159149987,223.70870971679688
2024-07-24,222.70455320631825,217.276123046875
2024-07-25,217.663867640833,216.23220825195312
2024-07-26,217.4352041073067,216.69949340820312
2024-07-29,215.70527849563507,216.97787475585935
2024-07-30,217.92238139381377,217.53463745117188
2024-07-31,220.1593561933901,220.795654296875
2024-08-01,223.07242079394348,217.09718322753903
2024-08-02,217.88258518105536,218.58848571777344
2024-08-05,197.9386040162881,208.0597381591797
2024-08-06,204.1126936889009,206.03152465820312
2024-08-07,205.70344110024527,208.6065673828125
2024-08-08,211.87754516998305,212.07638549804688
2024-08-09,210.8733840757052,214.98944091796875
2024-08-12,215.0690650325273,216.5222930908203
2024-08-13,217.99543949730665,220.24497985839844
2024-08-14,219.54821978702563,220.69288635253903
2024-08-15,223.55956160665437,223.6790008544922
2024-08-16,222.88270038911833,225.0028381347656
2024-08-19,224.67435623990076,224.84356689453125
2024-08-20,224.7241158999058,225.4606781005859
2024-08-21,225.4706659840429,225.35121154785156
2024-08-22,226.7347608131935,223.4898681640625
2024-08-23,224.6146580830755,225.7891845703125
2024-08-26,225.7095414433551,226.12759399414065
2024-08-27,224.9530683997657,226.97366333007812
2024-08-28,226.86417952209132,225.44081115722656
2024-08-29,229.03407107214645,228.7254943847656
2024-08-30,229.123652992766,227.9391632080078
2024-09-03,227.4912604304481,221.738037109375
2024-09-04,220.6331648046219,219.8269195556641
2024-09-05,220.60329739500975,221.34982299804688
2024-09-06,222.91254804497817,219.79705810546875
2024-09-09,219.79706302441255,219.8866424560547
2024-09-10,217.905857501112,219.09034729003903
2024-09-11,220.43410202901993,221.6285400390625
2024-09-12,221.46928361366915,221.738037109375
2024-09-13,222.54428285449177,221.4692840576172
2024-09-16,215.5368837592455,215.3179168701172
2024-09-17,214.75053008791312,215.78570556640625
2024-09-18,216.54222516573412,219.6676788330078
2024-09-19,223.94775287051627,227.8097686767578
2024-09-20,228.90467282845125,227.1428680419922
2024-09-23,226.2868480598011,225.42088317871097
2024-09-24,227.59078065470555,226.31671142578125
2024-09-25,223.88800321688737,225.3213348388672
2024-09-26,226.24705185494724,226.46603393554688
2024-09-27,227.40166606122023,226.73475646972656
2024-09-30,228.97434440874213,231.9206390380859
2024-10-01,228.45677367012016,225.162109375
2024-10-02,224.84356992020335,225.7294464111328
2024-10-03,224.09705966134615,224.6246032714844
2024-10-04,226.8442389696054,225.7493438720703
2024-10-07,223.4600206171574,220.6630401611328
2024-10-08,223.26094483680063,224.72413635253903
2024-10-09,224.18662246797504,228.4766540527344
2024-10-10,226.72481576308653,227.97897338867188
2024-10-11,228.2377886470439,226.4958953857422
2024-10-14,227.64055393917852,230.228515625
2024-10-15,232.527799450427,232.7666931152344
2024-10-16,230.52712470524975,230.7062835693359
2024-10-17,232.348638945834,231.07456970214844
2024-10-18,235.0858880500012,233.9113616943359
2024-10-21,233.36389625282135,235.38449096679688
2024-10-22,232.80651969699693,234.76739501953125
2024-10-23,232.99562158724072,229.6909942626953
2024-10-24,228.9146289407981,229.5019073486328
2024-10-25,228.6757506783198,230.3380126953125
2024-10-28,232.23917058038825,232.31878662109375
2024-10-29,232.0201880523175,232.58753967285156
2024-10-30,231.5324398883544,229.03407287597656
2024-10-31,228.27758291037028,224.8634796142578
2024-11-01,219.9463498014659,221.8773651123047
2024-11-04,219.96627293386248,220.9815368652344
2024-11-05,220.7725208689619,222.4148712158203
2024-11-06,221.578756649688,221.6882476806641
2024-11-07,223.5894351280695,226.4262237548828
2024-11-08,226.366414165256,226.15716552734375
2024-11-11,224.2040938441064,223.4368133544922
2024-11-12,223.75568869738083,223.4368133544922
2024-11-13,223.2175800878685,224.3236541748047
2024-11-14,224.22402706703753,227.41270446777344
2024-11-15,225.59914322363005,224.2041015625
2024-11-18,224.45320372664565,227.21340942382812
2024-11-19,226.17708394083317,227.4724884033203
2024-11-20,227.25326410482543,228.18994140625
2024-11-21,228.07038183414417,227.7116546630859
2024-11-22,227.2532745036032,229.0568695068359
2024-11-25,230.64124862727573,232.04624938964844
2024-11-26,232.50463944229023,234.228515625
2024-11-27,233.6405889619916,234.0989532470703
2024-11-29,233.97938842310504,236.490478515625
2024-12-02,236.43067691527065,238.74246215820312
2024-12-03,238.96170621081689,241.79165649414065
2024-12-04,242.01088645785893,242.150390625
2024-12-05,243.12691898237583,242.1802673339844
2024-12-06,242.0507319698173,241.98097229003903
2024-12-09,240.97455722335047,245.8771514892578
2024-12-10,246.0166626912396,246.8935546875
2024-12-11,247.08288910248365,245.6180877685547
2024-12-12,246.0166482138882,247.08287048339844
2024-12-13,246.9433725816478,247.2522735595703
2024-12-16,247.1127786134494,250.1519775390625
2024-12-17,249.1953766416157,252.58334350585935
2024-12-18,251.26802371656945,247.1725616455078
2024-12-19,246.6245097734382,248.90640258789065
2024-12-20,247.1625865233097,253.58978271484375
2024-12-23,253.8687883386418,254.3670196533203
2024-12-24,254.5862615131284,257.28668212890625
2024-12-26,257.27667867815336,258.1037292480469
2024-12-27,256.91793375888693,254.6858673095703
2024-12-30,251.33776924994547,251.3078765869141
2024-12-31,251.5470385357527,249.5341796875
2025-01-02,248.0494281352692,242.98741149902344
2025-01-03,242.49916076660156,242.49916076660156
2025-01-06,243.4457849039297,244.1333465576172
2025-01-07,242.12049100282684,241.3532257080078
2025-01-08,241.0642520177986,241.84149169921875
2025-01-10,239.1610022847023,236.01219177246097
2025-01-13,232.7039288898965,233.5708465576172
2025-01-14,233.91960476413303,232.45480346679688
2025-01-15,233.80999436776753,237.028564453125
2025-01-16,236.51041752509497,227.4525604248047
2025-01-17,231.2988874265024,229.1664581298828
2025-01-21,223.20762199269615,221.85243225097656
2025-01-22,219.01252087308487,223.03823852539065
2025-01-23,223.94501691407203,222.86883544921875
2025-01-24,223.9848686181573,221.991943359375
2025-01-27,223.2275672861503,229.04690551757812
2025-01-28,230.03341371427896,237.4171905517578
2025-01-29,233.2918357915463,238.5133056640625
2025-01-30,237.82573898228924,236.7495574951172
2025-01-31,246.31561143302469,235.16519165039065
2025-02-03,229.1764524471141,227.2034454345703
2025-02-04,226.44613087125,231.97650146484375
2025-02-05,227.72160926815613,231.64767456054688
2025-02-06,230.47183871784503,232.39501953125
2025-02-07,231.77721918612997,226.8247985839844
2025-02-10,229.0094413336025,227.0941162109375
2025-02-11,227.6427961872311,232.052001953125
2025-02-12,230.63545743654387,236.29161071777344
2025-02-13,236.33153226758247,240.94024658203125
2025-02-14,240.6609204580431,244.00274658203125
2025-02-18,243.55383619329416,243.87306213378903
2025-02-19,244.06260076305156,244.27207946777344
2025-02-20,244.34191013103748,245.229736328125
2025-02-21,245.34944139409683,244.9504241943359
2025-02-24,244.3319283268952,246.49664306640625
2025-02-25,247.3944454522674,246.4367828369141
2025-02-26,243.7333937698084,239.77308654785156
2025-02-27,238.82541422357912,236.72056579589844
2025-02-28,236.3714220145579,241.24948120117188
2025-03-03,241.19958958341564,237.4487762451172
2025-03-04,237.1295800554318,235.3539123535156
2025-03-05,234.84515699420857,235.1643829345703
2025-03-06,233.86756011302523,234.75538635253903
2025-03-07,234.53591456798168,238.4862518310547
2025-03-10,234.96486230654432,226.9245452880859
2025-03-11,223.26351528828417,220.30076599121097
2025-03-12,219.60246770742089,216.45018005371097
2025-03-13,215.4227092543014,209.1680145263672
2025-03-14,210.7341834889886,212.96871948242188
2025-03-17,212.78914514941675,213.4774627685547
2025-03-18,213.6370660568716,212.170654296875
2025-03-19,213.6969181399133,214.7144317626953
2025-03-20,213.46749271646212,213.5772247314453
2025-03-21,211.04340788811464,217.73703002929688
2025-03-24,220.460369765545,220.19102478027344
2025-03-25,220.23093972638688,223.2036590576172
2025-03-26,222.96422035625233,220.9890594482422
2025-03-27,220.84940592957577,223.30340576171875
2025-03-28,221.12873402087155,217.3679351806641
2025-03-31,216.48010744476517,221.58761596679688
2025-04-01,219.2732679074421,222.64501953125
2025-04-02,220.77959080525144,223.3433074951172
2025-04-03,205.03811566571247,202.69386291503903
2025-04-04,193.4165691841804,187.92002868652344
2025-04-07,176.76731422169505,181.0169219970703
2025-04-08,186.244123618335,171.99899291992188
2025-04-09,171.53013119082922,198.3644561767578
2025-04-10,188.6083530498886,189.95504760742188
2025-04-11,185.64558871717136,197.66615295410156
2025-04-14,210.9237150406947,202.02549743652344
2025-04-15,201.36710824854455,201.64642333984375
2025-04-16,197.8756484915953,193.7956390380859
2025-04-17,196.71848747425943,196.4990234375
2025-04-21,192.79807124065383,192.68833923339844
2025-04-22,195.64111763020085,199.25228881835935
2025-04-23,205.4970088747083,204.10043334960935
2025-04-24,204.38970763388747,207.8612060546875
2025-04-25,205.86608387594285,208.76898193359375
2025-04-28,209.48723454234343,209.62689208984375
2025-04-29,208.18042396697467,210.69427490234375
2025-04-30,208.78894157113288,211.9811248779297
2025-05-01,208.56948083895412,212.79913330078125
2025-05-02,205.58677037884885,204.8485870361328
2025-05-05,202.6040848015313,198.40435791015625
2025-05-06,197.72601327833053,198.0252685546875
2025-05-07,198.6836658614824,195.7707977294922
2025-05-08,197.2372161152265,197.00778198242188
2025-05-09,198.51409591462888,198.0452423095703
2025-05-12,210.7308445260501,210.5510406494141
2025-05-13,210.19144790738707,212.68861389160156
2025-05-14,212.18917192393897,212.08929443359375
2025-05-15,210.71086343228015,211.21029663085935
2025-05-16,212.11926693678467,211.0205078125
2025-05-19,207.67431083672193,208.54331970214844
2025-05-20,207.4345828831543,206.62550354003903
2025-05-21,204.93741112479617,201.86090087890625
2025-05-22,200.4824720941681,201.13172912597656
2025-05-23,193.4504526925712,195.04864501953125
2025-05-27,198.07520901450675,199.98304748535156
2025-05-28,200.36260025266836,200.1927947998047
2025-05-29,203.3492174371598,199.72332763671875
2025-05-30,199.14398126681596,200.622314453125
2025-06-02,200.05295557621693,201.47134399414065
2025-06-03,201.1217444882778,203.03956604003903
2025-06-04,202.6799822074808,202.590087890625
2025-06-05,203.26931435006065,200.4025726318359
2025-06-06,202.76987228695745,203.68882751464844
2025-06-09,204.15830357568728,201.2216339111328
2025-06-10,200.3726011094186,202.44024658203125
2025-06-11,203.26930749599725,198.55465698242188
2025-06-12,198.85432303920933,198.97418212890625
2025-06-13,199.50357538920457,196.227294921875
2025-06-16,197.07634287373045,198.195068359375
2025-06-17,196.97644196425617,195.418212890625
2025-06-18,195.71787336797544,196.35714721679688
2025-06-20,198.01527480684123,200.7721405029297
2025-06-23,201.40143343464243,201.2715759277344
2025-06-24,202.36033429336192,200.07293701171875
2025-06-25,201.2216365357081,201.33151245117188
2025-06-26,201.20164572639828,200.7721405029297
2025-06-27,201.66113009938155,200.85205078125
2025-06-30,201.7809871041056,204.9374084472656
2025-07-01,206.4357061767528,207.58441162109375
2025-07-02,208.6731759252599,212.1991729736328
2025-07-03,211.90950026104147,213.30792236328125
2025-07-07,212.43889126622693,209.7119903564453
2025-07-08,209.8618364392891,209.7719268798828
2025-07-09,209.2924745188519,210.9006500244141
2025-07-10,210.27134950514616,212.1692047119141
2025-07-11,210.33129628612951,210.92062377929688
2025-07-14,209.69201166358403,208.3834991455078
2025-07-15,208.9828312368767,208.8729553222656
2025-07-16,210.06160887608695,209.92176818847656
2025-07-17,210.33130094399476,209.78192138671875
2025-07-18,210.63095139102305,210.9405975341797
2025-07-21,211.8595616297783,212.23912048339844
2025-07-22,212.89838571641525,214.15695190429688
2025-07-23,214.75626907170553,213.9072265625
2025-07-24,213.65751035981805,213.5176696777344
2025-07-25,214.45660521718813,213.63754272460935
2025-07-28,213.78737619229815,213.8073577880859
2025-07-29,213.93719187335407,211.0305023193359
2025-07-30,211.65977882345743,208.81301879882812
2025-07-31,208.25365677749065,207.3347015380859
2025-08-01,210.63095505795985,202.1505889892578
2025-08-04,204.27816503495924,203.11949157714844
2025-08-05,203.1694082424696,202.68995666503903
2025-08-06,205.39689808550256,213.0082550048828
2025-08-07,218.63187314031333,219.7805633544922
2025-08-08,220.57966572513484,229.0900115966797
2025-08-11,227.9199981689453,227.17999267578125
2025-08-12,228.0099945068359,229.6499938964844
2025-08-13,231.07000732421875,233.3300018310547
2025-08-14,234.05999755859375,232.77999877929688
2025-08-15,234.0,231.58999633789065
2025-08-18,231.6999969482422,230.88999938964844
2025-08-19,231.27999877929688,230.55999755859375
2025-08-20,229.97999572753903,226.0099945068359
2025-08-21,226.27000427246097,224.8999938964844
2025-08-22,226.1699981689453,227.7599945068359
2025-08-25,226.47999572753903,227.16000366210935
2025-08-26,226.8699951171875,229.30999755859375
2025-08-27,228.61000061035156,230.4900054931641
2025-08-28,230.82000732421875,232.55999755859375
2025-08-29,232.5099945068359,232.13999938964844
2025-09-02,229.25,229.72000122070312
2025-09-03,237.2100067138672,238.47000122070312
2025-09-04,238.4499969482422,239.77999877929688
2025-09-05,240.0,239.69000244140625
2025-09-08,239.3000030517578,237.8800048828125
2025-09-09,237.0,234.3500061035156
2025-09-10,232.19000244140625,226.7899932861328
2025-09-11,226.8800048828125,230.02999877929688
2025-09-12,229.22000122070312,234.07000732421875
2025-09-15,237.0,236.6999969482422
2025-09-16,237.17999267578125,238.1499938964844
2025-09-17,238.97000122070312,238.9900054931641
2025-09-18,239.97000122070312,237.8800048828125
2025-09-19,241.22999572753903,245.5
2025-09-22,248.3000030517578,256.0799865722656
2025-09-23,255.8800048828125,254.42999267578125
2025-09-24,255.22000122070312,252.30999755859375
2025-09-25,253.2100067138672,256.8699951171875
2025-09-26,254.1000061035156,255.4600067138672
2025-09-29,254.55999755859375,254.42999267578125
2025-09-30,254.86000061035156,254.6300048828125
