date,average_sentiment,open,close,price_difference
2020-10-01,0.285836,157.68150329589844,161.06300354003906,-3.381500244140625
2020-10-02,0.28165599999999996,157.29200744628906,156.25,1.0420074462890625
2020-10-05,0.294772,158.25,159.9600067138672,-1.7100067138671875
2020-10-06,0.1442,156.75,154.9980010986328,1.7519989013671875
2020-10-07,0.317184,161.24949645996094,159.7845001220703,1.464996337890625
2020-10-08,0.133632,160.5,159.52749633789062,0.972503662109375
2020-10-09,0.21841333333333335,167.4969940185547,164.33250427246094,3.16448974609375
2020-10-12,0.35402,173.39950561523438,172.14649963378906,1.2530059814453125
2020-10-13,0.16095199999999998,172.35000610351562,172.18150329589844,0.1685028076171875
2020-10-14,0.259704,164.60049438476562,168.1855010986328,-3.5850067138671875
2020-10-15,0.222764,168.1614990234375,166.9324951171875,1.22900390625
2020-10-16,0.286316,164.98049926757812,163.635498046875,1.345001220703125
2020-10-19,0.328416,161.11399841308594,160.36050415039062,0.7534942626953125
2020-10-20,0.297208,160.625,160.85049438476562,-0.225494384765625
2020-10-21,0.24864800000000004,159.49349975585938,159.2469940185547,0.2465057373046875
2020-10-22,0.34391599999999994,159.5500030517578,158.82000732421875,0.7299957275390625
2020-10-23,0.17213466666666666,159.93699645996094,160.22000122070312,-0.2830047607421875
2020-10-26,0.114276,161.2469940185547,160.3520050048828,0.894989013671875
2020-10-27,0.155632,162.46499633789062,164.31649780273438,-1.85150146484375
2020-10-28,0.056056,160.06350708007812,158.13900756835938,1.92449951171875
2020-10-29,0.28962,157.8874969482422,160.55050659179688,-2.6630096435546875
2020-10-30,0.08886533333333334,153.08700561523438,151.8074951171875,1.279510498046875
2020-11-02,0.126768,150.92649841308594,150.2239990234375,0.7024993896484375
2020-11-03,0.156172,157.99949645996094,152.42050170898438,5.5789947509765625
2020-11-04,0.168412,165.99850463867188,162.05799865722656,3.9405059814453125
2020-11-05,0.262528,165.23199462890625,166.10000610351562,-0.868011474609375
2020-11-06,0.241128,161.55149841308594,165.56849670410156,-4.016998291015625
2020-11-09,0.23229599999999997,154.75100708007812,157.18699645996094,-2.4359893798828125
2020-11-10,0.250716,153.08900451660156,151.75100708007812,1.3379974365234375
2020-11-11,0.266144,157.99749755859375,156.8695068359375,1.12799072265625
2020-11-12,0.21046399999999998,156.10000610351562,155.51400756835938,0.58599853515625
2020-11-13,0.25933333333333336,154.66000366210938,156.4405059814453,-1.7805023193359375
2020-11-16,0.078796,159.177001953125,156.55299377441406,2.6240081787109375
2020-11-17,0.07819599999999999,156.6999969482422,156.7830047607422,-0.0830078125
2020-11-18,0.145172,155.2655029296875,155.2729949951172,-0.0074920654296875
2020-11-19,0.454156,155.8509979248047,155.8509979248047,0.0
2020-11-20,0.25933333333333336,155.8350067138672,154.97000122070312,0.8650054931640625
2020-11-23,0.23813600000000001,155.02499389648438,154.91949462890625,0.105499267578125
2020-11-24,0.194192,157.093505859375,155.9029998779297,1.1905059814453125
2020-11-25,0.202524,160.56300354003906,159.2534942626953,1.30950927734375
2020-11-27,0.24740933333333334,160.4239959716797,159.76699829101562,0.6569976806640625
2020-11-30,0.20828400000000002,159.4250030517578,158.40199279785156,1.02301025390625
2020-12-01,0.257436,161.08250427246094,161.00399780273438,0.0785064697265625
2020-12-02,0.182672,160.2729949951172,160.17649841308594,0.09649658203125
2020-12-03,0.42058,159.91050720214844,159.3365020751953,0.574005126953125
2020-12-04,0.161332,157.82400512695312,158.12899780273438,-0.30499267578125
2020-12-07,0.213052,157.94500732421875,157.89999389648438,0.045013427734375
2020-12-08,0.26774000000000003,158.39450073242188,158.864501953125,-0.470001220703125
2020-12-09,0.173644,154.44949340820312,155.2100067138672,-0.7605133056640625
2020-12-10,0.14868800000000001,154.83299255371094,155.07449340820312,-0.2415008544921875
2020-12-11,0.24133066666666667,157.14999389648438,155.8209991455078,1.3289947509765625
2020-12-14,0.07316,159.05050659179688,157.84849548339844,1.2020111083984375
2020-12-15,0.152388,158.80050659179688,158.25599670410156,0.5445098876953125
2020-12-16,0.12018000000000001,162.5,162.04800415039062,0.451995849609375
2020-12-17,0.248992,162.19949340820312,161.8040008544922,0.3954925537109375
2020-12-18,0.3551146666666667,160.00050354003906,160.08250427246094,-0.082000732421875
2020-12-21,0.133616,160.14199829101562,160.3090057373047,-0.1670074462890625
2020-12-22,0.24162,160.25,160.3260040283203,-0.0760040283203125
2020-12-23,0.206392,159.69500732421875,159.2635040283203,0.4315032958984375
2020-12-24,0.24015999999999998,159.6999969482422,158.63450622558594,1.06549072265625
2020-12-28,0.46650800000000003,165.4969940185547,164.197998046875,1.2989959716796875
2020-12-29,0.28039200000000003,167.0500030517578,166.10000610351562,0.9499969482421875
2020-12-30,0.312788,163.75,164.29249572753906,-0.5424957275390625
2020-12-31,0.25302399999999997,163.5,162.84649658203125,0.65350341796875
2021-01-04,0.20430399999999999,158.30050659179688,159.3314971923828,-1.0309906005859375
2021-01-05,0.13791599999999998,157.32400512695312,160.92550659179688,-3.60150146484375
2021-01-06,0.050084,157.85000610351562,156.91900634765625,0.930999755859375
2021-01-07,0.137376,159.0,158.10800170898438,0.891998291015625
2021-01-08,0.14894133333333334,157.40049743652344,159.13499450683594,-1.7344970703125
2021-01-11,0.202188,156.0,155.7104949951172,0.2895050048828125
2021-01-12,0.210172,156.4219970703125,156.04150390625,0.3804931640625
2021-01-13,0.196808,158.37600708007812,158.29449462890625,0.081512451171875
2021-01-14,0.178004,156.1510009765625,156.37350463867188,-0.222503662109375
2021-01-15,0.26388799999999996,155.35000610351562,155.21249389648438,0.13751220703125
2021-01-19,0.261644,159.09950256347656,156.03799438476562,3.0615081787109375
2021-01-20,0.317744,164.64999389648438,163.16900634765625,1.480987548828125
2021-01-21,0.26184,165.2154998779297,165.34950256347656,-0.134002685546875
2021-01-22,0.238364,166.4250030517578,164.6114959716797,1.813507080078125
2021-01-25,0.17612000000000003,164.8179931640625,164.6999969482422,0.1179962158203125
2021-01-26,0.2357,167.07449340820312,166.30650329589844,0.7679901123046875
2021-01-27,0.17976399999999998,161.7519989013672,161.62899780273438,0.1230010986328125
2021-01-28,0.133112,161.5,161.88099670410156,-0.3809967041015625
2021-01-29,0.12402666666666666,162.1179962158203,160.30999755859375,1.8079986572265625
2021-02-01,0.21860799999999997,169.0,167.1439971923828,1.8560028076171875
2021-02-02,0.23108,171.25050354003906,169.0,2.2505035400390625
2021-02-03,0.248292,166.5,165.62649536132812,0.873504638671875
2021-02-04,0.12958,165.9499969482422,166.5500030517578,-0.600006103515625
2021-02-05,0.15870666666666666,167.9250030517578,167.6074981689453,0.3175048828125
2021-02-08,0.166492,165.62449645996094,166.14700317382812,-0.5225067138671875
2021-02-09,0.17925714285714284,165.6999969482422,165.25,0.4499969482421875
2021-02-10,0.08714117647058824,164.60000610351562,164.32899475097656,0.2710113525390625
2021-02-11,0.13633199999999998,162.5,163.10650634765625,-0.60650634765625
2021-02-12,0.26726,162.70249938964844,163.885498046875,-1.1829986572265625
2021-02-16,0.152392,163.17999267578125,163.44749450683594,-0.2675018310546875
2021-02-17,0.146224,164.12100219726562,165.4320068359375,-1.311004638671875
2021-02-18,0.17453600000000002,166.4114990234375,166.4114990234375,0.0
2021-02-19,0.18626099999999998,160.406494140625,162.4949951171875,-2.0885009765625
2021-02-22,0.18126799999999998,156.35150146484375,159.03700256347656,-2.6855010986328125
2021-02-23,0.15459199999999998,158.33749389648438,159.72500610351562,-1.38751220703125
2021-02-24,0.292788,156.83700561523438,157.97650146484375,-1.139495849609375
2021-02-25,0.24774000000000002,154.75999450683594,152.85800170898438,1.9019927978515625
2021-02-26,0.17025333333333334,156.39450073242188,154.64649963378906,1.7480010986328125
2021-03-01,0.24988,157.17349243164062,157.3070068359375,-0.133514404296875
2021-03-02,0.151936,154.0590057373047,154.72650146484375,-0.6674957275390625
2021-03-03,0.17948,150.60000610351562,150.25,0.350006103515625
2021-03-04,0.079636,150.25,148.8784942626953,1.3715057373046875
2021-03-05,0.1853106666666667,150.75,150.0229949951172,0.7270050048828125
2021-03-08,0.267728,150.89950561523438,147.59750366210938,3.302001953125
2021-03-09,0.45194999999999996,154.92250061035156,153.1425018310547,1.779998779296875
2021-03-10,0.33659599999999995,155.20050048828125,152.8820037841797,2.3184967041015625
2021-03-11,0.06150400000000001,153.75,155.67950439453125,-1.92950439453125
2021-03-12,0.1954739607843137,153.72850036621094,154.47450256347656,-0.746002197265625
2021-03-15,0.1988125,155.24850463867188,154.08399963378906,1.1645050048828125
2021-03-16,0.297796,153.66099548339844,154.59300231933594,-0.9320068359375
2021-03-17,0.22404799999999997,155.0500030517578,156.7864990234375,-1.7364959716796875
2021-03-18,0.106596,151.4615020751953,151.39950561523438,0.0619964599609375
2021-03-19,0.29578933333333335,153.3925018310547,153.7480010986328,-0.355499267578125
2021-03-22,0.289796,156.35000610351562,155.5435028076172,0.8065032958984375
2021-03-23,0.24155200000000002,157.552001953125,156.875,0.677001953125
2021-03-24,0.287116,153.64950561523438,154.35350036621094,-0.7039947509765625
2021-03-25,0.22205200000000003,152.2030029296875,152.31300354003906,-0.1100006103515625
2021-03-26,0.19626933333333332,152.77200317382812,152.60150146484375,0.170501708984375
2021-03-29,0.39169200000000004,153.50050354003906,153.7864990234375,-0.2859954833984375
2021-03-30,0.226004,153.2030029296875,152.76449584960938,0.438507080078125
2021-03-31,0.333104,155.89700317382812,154.70399475097656,1.1930084228515625
2021-04-01,0.30976,158.64999389648438,158.0500030517578,0.5999908447265625
2021-04-05,0.189692,161.1875,161.3365020751953,-0.1490020751953125
2021-04-06,0.310484,161.69000244140625,161.1909942626953,0.4990081787109375
2021-04-07,0.25890799999999997,165.5449981689453,163.96949768066406,1.57550048828125
2021-04-08,0.243672,165.23500061035156,164.96499633789062,0.2700042724609375
2021-04-09,0.25825733333333334,167.760498046875,168.61000061035156,-0.8495025634765625
2021-04-12,0.20921199999999998,170.04249572753906,168.96949768066406,1.072998046875
2021-04-13,0.152596,170.20199584960938,170.0,0.201995849609375
2021-04-14,0.22654,168.5500030517578,166.64999389648438,1.9000091552734375
2021-04-15,0.36214399999999997,169.0,168.95449829101562,0.045501708984375
2021-04-16,0.263612,169.51649475097656,169.9720001220703,-0.45550537109375
2021-04-19,0.14582,168.67999267578125,168.60049438476562,0.079498291015625
2021-04-20,0.09340799999999999,165.8000030517578,166.7344970703125,-0.9344940185546875
2021-04-21,0.430964,168.58399963378906,168.1009979248047,0.483001708984375
2021-04-22,0.147716,165.9550018310547,165.45199584960938,0.5030059814453125
2021-04-23,0.25421733333333335,167.39999389648438,167.04400634765625,0.355987548828125
2021-04-26,0.031276,172.17349243164062,170.4499969482422,1.7234954833984375
2021-04-27,0.344064,171.74000549316406,170.8715057373047,0.868499755859375
2021-04-28,0.24689599999999998,175.2550048828125,172.9250030517578,2.3300018310546875
2021-04-29,0.179376,176.25599670410156,173.5655059814453,2.69049072265625
2021-04-30,0.25382,174.2364959716797,173.37100219726562,0.8654937744140625
2021-05-03,0.119352,167.8094940185547,169.32449340820312,-1.5149993896484375
2021-05-04,0.159056,166.9429931640625,165.593505859375,1.3494873046875
2021-05-05,0.216052,163.5,163.52699279785156,-0.0269927978515625
2021-05-06,0.288168,165.95449829101562,165.31849670410156,0.6360015869140625
2021-05-07,0.20124533333333336,164.11599731445312,164.58050537109375,-0.464508056640625
2021-05-10,0.133244,156.81399536132812,159.52450561523438,-2.71051025390625
2021-05-11,0.256464,159.25,161.19549560546875,-1.94549560546875
2021-05-12,0.218504,159.27349853515625,157.5970001220703,1.6764984130859375
2021-05-13,0.299996,159.2779998779297,158.07350158691406,1.204498291015625
2021-05-14,0.34226133333333336,162.29649353027344,161.14500427246094,1.1514892578125
2021-05-17,0.185396,164.62899780273438,163.51950073242188,1.1094970703125
2021-05-18,0.401616,159.75,161.61399841308594,-1.8639984130859375
2021-05-19,0.448808,162.22000122070312,161.58999633789062,0.6300048828125
2021-05-20,0.314528,162.5,162.38400268554688,0.115997314453125
2021-05-21,0.30163466666666666,160.77499389648438,160.1540069580078,0.6209869384765625
2021-05-24,0.265164,163.33349609375,162.24949645996094,1.0839996337890625
2021-05-25,0.263032,163.72950744628906,162.95249938964844,0.777008056640625
2021-05-26,0.28082,162.8000030517578,163.25799560546875,-0.4579925537109375
2021-05-27,0.206268,162.10000610351562,161.5054931640625,0.594512939453125
2021-05-28,0.2527026666666667,162.1750030517578,161.15350341796875,1.0214996337890625
2021-06-01,0.185128,161.15499877929688,160.9324951171875,0.222503662109375
2021-06-02,0.137292,160.2115020751953,161.69949340820312,-1.4879913330078125
2021-06-03,0.17154999999999998,160.60000610351562,159.35049438476562,1.24951171875
2021-06-04,0.30952133333333337,159.8665008544922,160.31100463867188,-0.4445037841796875
2021-06-07,0.13338,161.1304931640625,159.90049743652344,1.2299957275390625
2021-06-08,0.24864,163.64349365234375,163.20550537109375,0.43798828125
2021-06-09,0.126228,164.10049438476562,164.0574951171875,0.042999267578125
2021-06-10,0.355488,167.4824981689453,167.4824981689453,0.0
2021-06-11,0.2723706666666667,167.3415069580078,167.3415069580078,0.0
2021-06-14,0.23067999999999997,169.1999969482422,169.19349670410156,0.006500244140625
2021-06-15,0.14900400000000003,169.60000610351562,169.156494140625,0.443511962890625
2021-06-16,0.44791600000000004,170.15899658203125,170.7624969482422,-0.6035003662109375
2021-06-17,0.274056,173.99949645996094,174.46200561523438,-0.4625091552734375
2021-06-18,0.286304,173.8209991455078,174.34500122070312,-0.5240020751953125
2021-06-21,0.195716,172.9029998779297,172.697998046875,0.2050018310546875
2021-06-22,0.021820000000000003,175.25,175.27200317382812,-0.022003173828125
2021-06-23,0.320984,175.3820037841797,175.1909942626953,0.191009521484375
2021-06-24,0.126588,173.1999969482422,172.45399475097656,0.746002197265625
2021-06-25,0.174176,170.8000030517578,170.072998046875,0.7270050048828125
2021-06-28,0.1681,171.9409942626953,172.1945037841797,-0.253509521484375
2021-06-29,0.21509166666666668,172.05299377441406,172.40699768066406,-0.35400390625
2021-06-30,0.36775599999999997,171.73049926757812,172.00799560546875,-0.277496337890625
2021-07-01,0.265816,172.58200073242188,171.64849853515625,0.933502197265625
2021-07-02,0.19502863636363638,176.5054931640625,175.5489959716797,0.9564971923828125
2021-07-06,0.087472,185.86900329589844,183.78700256347656,2.082000732421875
2021-07-07,0.11973600000000001,182.1779937744141,184.82899475097656,-2.6510009765624716
2021-07-08,0.26579200000000003,186.12600708007812,186.57049560546875,-0.444488525390625
2021-07-09,0.23892711111111112,187.1999969482422,185.9669952392578,1.233001708984375
2021-07-12,0.14858000000000002,185.10499572753903,185.9275054931641,-0.8225097656250568
2021-07-13,-0.006348,185.4425048828125,183.8679962158203,1.5745086669921875
2021-07-14,0.10563200000000002,184.7100067138672,184.08399963378903,0.6260070800781534
2021-07-15,0.11134799999999999,181.66549682617188,181.55999755859375,0.105499267578125
2021-07-16,0.2331379487179487,176.62899780273438,178.68150329589844,-2.0525054931640625
2021-07-19,0.23492000000000002,178.36599731445312,177.47950744628906,0.8864898681640625
2021-07-20,0.387648,178.81900024414062,178.6595001220703,0.1595001220703125
2021-07-21,0.19231600000000001,179.3614959716797,179.25999450683594,0.10150146484375
2021-07-22,0.16645600000000002,182.0,181.90150451660156,0.0984954833984375
2021-07-23,0.2867226666666667,183.6584930419922,182.83200073242188,0.8264923095703125
2021-07-26,0.269692,184.9250030517578,184.99099731445312,-0.0659942626953125
2021-07-27,0.014596000000000005,181.68899536132812,181.3195037841797,0.3694915771484375
2021-07-28,0.268284,181.3874969482422,181.51600646972656,-0.128509521484375
2021-07-29,0.083548,167.3975067138672,179.99600219726562,-12.598495483398438
2021-07-30,0.18732666666666664,167.65499877929688,166.37950134277344,1.2754974365234375
2021-08-02,0.27916399999999997,167.03599548339844,166.57400512695312,0.4619903564453125
2021-08-03,0.379452,168.96749877929688,168.31199645996094,0.6555023193359375
2021-08-04,0.17614000000000002,167.81100463867188,167.73599243164062,0.07501220703125
2021-08-05,0.223444,168.75,168.79949951171875,-0.04949951171875
2021-08-06,0.17247333333333334,167.1804962158203,167.2469940185547,-0.066497802734375
2021-08-09,0.18075600000000003,167.25050354003906,167.093505859375,0.1569976806640625
2021-08-10,-0.09776,166.57249450683594,166.03399658203125,0.5384979248046875
2021-08-11,0.11801600000000001,164.5,164.60549926757812,-0.105499267578125
2021-08-12,0.281116,165.2834930419922,165.1750030517578,0.108489990234375
2021-08-13,0.1358986666666667,164.14999389648438,164.69850158691406,-0.5485076904296875
2021-08-16,0.276884,163.875,164.94949340820312,-1.074493408203125
2021-08-17,0.22936800000000002,162.09950256347656,162.09800720214844,0.001495361328125
2021-08-18,0.047136000000000004,159.7010040283203,160.06100463867188,-0.3600006103515625
2021-08-19,0.144504,160.19349670410156,159.3874969482422,0.805999755859375
2021-08-20,0.30295466666666665,160.59500122070312,159.99749755859375,0.597503662109375
2021-08-23,0.396308,164.0,163.2935028076172,0.7064971923828125
2021-08-24,0.285948,165.49349975585938,165.28900146484375,0.204498291015625
2021-08-25,0.20966,164.9499969482422,164.95899963378906,-0.009002685546875
2021-08-26,0.23058399999999998,166.6614990234375,165.8000030517578,0.8614959716796875
2021-08-27,0.31029333333333337,167.8715057373047,167.48150634765625,0.3899993896484375
2021-08-30,0.212408,171.24000549316406,171.07850646972656,0.1614990234375
2021-08-31,0.248644,174.82000732421875,173.5395050048828,1.2805023193359375
2021-09-01,0.253172,174.73800659179688,173.9499969482422,0.7880096435546875
2021-09-02,0.27496,172.60000610351562,173.156005859375,-0.555999755859375
2021-09-03,0.215332,173.89999389648438,173.90249633789062,-0.00250244140625
2021-09-07,0.35766,175.58250427246094,175.46449279785156,0.118011474609375
2021-09-08,0.243932,176.30099487304688,176.27499389648438,0.0260009765625
2021-09-09,0.157156,175.0915069580078,174.20799255371094,0.883514404296875
2021-09-10,0.27647066666666664,174.13999938964844,173.45750427246094,0.6824951171875
2021-09-13,0.280184,173.77749633789062,172.85850524902344,0.9189910888671875
2021-09-14,0.23071999999999998,172.12600708007812,172.5,-0.373992919921875
2021-09-15,0.262932,172.9980010986328,173.7895050048828,-0.79150390625
2021-09-16,0.345968,174.42050170898438,174.41200256347656,0.0084991455078125
2021-09-17,0.299628,169.8000030517578,173.12600708007812,-3.3260040283203125
2021-09-20,0.234432,168.75,167.7864990234375,0.9635009765625
2021-09-21,0.305808,167.5500030517578,167.18150329589844,0.368499755859375
2021-09-22,0.104092,169.00250244140625,169.00250244140625,0.0
2021-09-23,0.227928,170.10049438476562,170.8000030517578,-0.6995086669921875
2021-09-24,0.237688,168.5749969482422,171.2760009765625,-2.7010040283203125
2021-09-27,0.24733999999999998,167.885498046875,170.2899932861328,-2.4044952392578125
2021-09-28,0.030908,166.10549926757812,165.79800415039062,0.3074951171875
2021-09-29,0.17933600000000002,165.8000030517578,165.05599975585938,0.7440032958984375
2021-09-30,0.128216,164.45050048828125,164.2519989013672,0.1985015869140625
2021-10-01,0.16324,163.96949768066406,164.16299438476562,-0.1934967041015625
2021-10-04,0.020096000000000003,160.22500610351562,159.48899841308594,0.7360076904296875
2021-10-05,0.34753999999999996,160.67649841308594,161.0500030517578,-0.373504638671875
2021-10-06,0.18621200000000002,164.57699584960938,163.10049438476562,1.47650146484375
2021-10-07,0.22791600000000004,165.85000610351562,165.1215057373047,0.7285003662109375
2021-10-08,0.29538000000000003,163.75,164.43099975585938,-0.680999755859375
2021-10-11,0.016040000000000006,162.85000610351562,162.31500244140625,0.535003662109375
2021-10-12,0.214132,163.48550415039062,162.3665008544922,1.1190032958984375
2021-10-13,0.16526800000000003,165.12249755859375,164.21400451660156,0.9084930419921875
2021-10-14,0.40287999999999996,165.5709991455078,164.9929962158203,0.5780029296875
2021-10-15,0.22707733333333333,169.41799926757812,170.4510040283203,-1.0330047607421875
2021-10-18,0.247896,171.71449279785156,172.33700561523438,-0.6225128173828125
2021-10-19,0.388612,172.63299560546875,172.20750427246094,0.4254913330078125
2021-10-20,0.17055199999999998,170.71249389648438,170.7530059814453,-0.0405120849609375
2021-10-21,0.288712,171.0500030517578,171.75050354003906,-0.70050048828125
2021-10-22,0.10546266666666666,166.75,166.77749633789062,-0.027496337890625
2021-10-25,0.17598,167.47549438476562,166.01849365234375,1.457000732421875
2021-10-26,0.20722000000000002,169.39999389648438,168.80349731445312,0.59649658203125
2021-10-27,0.1595,170.10499572753906,169.62449645996094,0.480499267578125
2021-10-28,0.123908,165.00100708007812,172.32850646972656,-7.3274993896484375
2021-10-29,0.19934533333333335,168.08999633789062,168.6215057373047,-0.5315093994140625
2021-11-01,0.2784,165.75050354003906,165.90550231933594,-0.154998779296875
2021-11-02,0.413592,165.4499969482422,165.6374969482422,-0.1875
2021-11-03,0.259164,168.5,169.1999969482422,-0.6999969482421875
2021-11-04,0.071276,173.85000610351562,173.85000610351562,0.0
2021-11-05,0.23567733333333332,176.16200256347656,175.94949340820312,0.2125091552734375
2021-11-08,0.20014800000000002,175.7624969482422,174.44900512695312,1.3134918212890625
2021-11-09,0.35144800000000004,178.19349670410156,178.81149291992188,-0.6179962158203125
2021-11-10,0.306084,175.64999389648438,174.1024932861328,1.5475006103515625
2021-11-11,0.22484,174.25,173.625,0.625
2021-11-12,0.19282000000000002,176.85000610351562,176.25750732421875,0.592498779296875
2021-11-15,0.255008,176.9499969482422,177.28399658203125,-0.3339996337890625
2021-11-16,0.164528,178.23599243164062,177.03500366210938,1.20098876953125
2021-11-17,0.33614,178.3175048828125,177.4499969482422,0.8675079345703125
2021-11-18,0.178932,185.6345062255859,184.8029937744141,0.8315124511718182
2021-11-19,0.15703466666666668,183.81900024414065,183.82850646972656,-0.009506225585909078
2021-11-22,0.09580399999999999,179.2519989013672,178.6284942626953,0.623504638671875
2021-11-23,0.232464,178.1334991455078,179.0019989013672,-0.868499755859375
2021-11-24,0.34885599999999994,180.10499572753906,179.02049255371094,1.084503173828125
2021-11-26,0.1990173333333333,177.3820037841797,175.22799682617188,2.1540069580078125
2021-11-29,0.11744,178.1750030517578,178.07850646972656,0.09649658203125
2021-11-30,0.27827999999999997,177.25,175.35350036621094,1.8964996337890625
2021-12-01,0.21485600000000002,173.0,172.18600463867188,0.813995361328125
2021-12-02,0.22554400000000002,172.75,171.8679962158203,0.8820037841796875
2021-12-03,0.27496533333333334,169.64999389648438,169.489501953125,0.160491943359375
2021-12-06,0.41562800000000005,174.60000610351562,171.36849975585938,3.23150634765625
2021-12-07,0.193668,176.15049743652344,176.1645050048828,-0.014007568359375
2021-12-08,0.279816,175.75,176.1580047607422,-0.4080047607421875
2021-12-09,0.146024,175.41700744628906,174.17100524902344,1.246002197265625
2021-12-10,0.11216,172.0,172.21200561523438,-0.212005615234375
2021-12-13,0.235824,167.5500030517578,169.5675048828125,-2.0175018310546875
2021-12-14,0.30334,168.59800720214844,169.0915069580078,-0.493499755859375
2021-12-15,0.161448,173.36849975585938,173.31500244140625,0.053497314453125
2021-12-16,0.27606,167.7104949951172,168.87100219726562,-1.1605072021484375
2021-12-17,0.15298933333333334,166.85000610351562,170.0175018310547,-3.1674957275390625
2021-12-20,0.262084,167.85049438476562,167.07899475097656,0.7714996337890625
2021-12-21,0.226404,169.27000427246094,170.41700744628906,-1.147003173828125
2021-12-22,0.27404,170.42799377441406,171.03700256347656,-0.6090087890625
2021-12-23,0.27783599999999997,171.03700256347656,171.06849670410156,-0.031494140625
2021-12-27,0.11248,170.1824951171875,169.66949462890625,0.51300048828125
2021-12-28,0.411216,170.83999633789062,170.66099548339844,0.1790008544921875
2021-12-29,0.14305199999999998,169.6999969482422,169.2010040283203,0.498992919921875
2021-12-30,0.229456,168.95599365234375,168.64450073242188,0.311492919921875
2021-12-31,0.17756666666666668,167.5500030517578,166.7169952392578,0.8330078125
2022-01-03,0.15401600000000001,170.43800354003906,170.4044952392578,0.03350830078125
2022-01-04,0.06022399999999999,166.88299560546875,167.52200317382812,-0.639007568359375
2022-01-05,0.211968,163.45050048828125,164.35699462890625,-0.906494140625
2022-01-06,0.188484,163.83900451660156,163.25399780273438,0.5850067138671875
2022-01-07,0.11743733333333334,160.5854949951172,162.5540008544922,-1.968505859375
2022-01-10,0.061036,161.5,161.48599243164062,0.014007568359375
2022-01-11,0.24452400000000002,166.5749969482422,165.36199951171875,1.2129974365234375
2022-01-12,0.311964,165.25050354003906,165.20700073242188,0.0435028076171875
2022-01-13,0.24452399999999996,160.14999389648438,161.21400451660156,-1.0640106201171875
2022-01-14,0.17333733333333334,159.10499572753906,162.13800048828125,-3.0330047607421875
2022-01-18,0.227868,158.76199340820312,158.91749572753906,-0.1555023193359375
2022-01-19,0.12203999999999998,156.76600646972656,156.2989959716797,0.467010498046875
2022-01-20,0.08967200000000002,149.9499969482422,151.66749572753906,-1.717498779296875
2022-01-21,0.14545066666666667,139.0,142.64300537109375,-3.64300537109375
2022-01-24,0.18864,142.24249267578125,144.54400634765625,-2.301513671875
2022-01-25,0.218196,144.75,139.98599243164062,4.764007568359375
2022-01-26,0.192952,140.8000030517578,138.87249755859375,1.9275054931640625
2022-01-27,0.213216,140.86050415039062,139.6374969482422,1.2230072021484375
2022-01-28,0.25919133333333333,144.75,143.97799682617188,0.772003173828125
2022-01-31,0.24993600000000002,150.0,149.57350158691406,0.4264984130859375
2022-02-01,0.05389200000000001,155.05050659179688,151.19349670410156,3.8570098876953125
2022-02-02,0.12044400000000001,141.7375030517578,150.6125030517578,-8.875
2022-02-03,0.125912,155.60650634765625,138.8455047607422,16.761001586914062
2022-02-04,0.26788800000000007,158.52000427246094,157.63949584960938,0.8805084228515625
2022-02-07,0.204692,156.75050354003906,157.9355010986328,-1.18499755859375
2022-02-08,0.290456,162.87350463867188,161.4134979248047,1.4600067138671875
2022-02-09,0.16732400000000003,158.35000610351562,161.1894989013672,-2.8394927978515625
2022-02-10,0.140228,158.13450622558594,159.0034942626953,-0.868988037109375
2022-02-11,0.134636,151.75100708007812,153.2935028076172,-1.5424957275390625
2022-02-14,0.169772,157.60549926757812,155.16700744628906,2.4384918212890625
2022-02-15,0.047124000000000006,155.79049682617188,156.510498046875,-0.720001220703125
2022-02-16,0.196724,158.14599609375,158.10049438476562,0.045501708984375
2022-02-17,0.205556,155.49949645996094,154.65249633789062,0.8470001220703125
2022-02-18,0.18784666666666663,150.47850036621094,152.60150146484375,-2.1230010986328125
2022-02-22,0.152632,151.65049743652344,150.19749450683594,1.4530029296875
2022-02-23,0.183504,139.83749389648438,144.82699584960938,-4.989501953125
2022-02-24,0.227732,150.5500030517578,151.35800170898438,-0.8079986572265625
2022-02-25,0.22708666666666666,152.4250030517578,153.7884979248047,-1.363494873046875
2022-02-28,0.08839599999999999,152.7324981689453,153.56300354003906,-0.83050537109375
2022-03-01,0.19618400000000003,150.8489990234375,151.14199829101562,-0.292999267578125
2022-03-02,0.336236,153.531494140625,152.05250549316406,1.4789886474609375
2022-03-03,0.171748,147.15899658203125,147.89849853515625,-0.739501953125
2022-03-04,0.2563533333333334,145.44349670410156,145.64100646972656,-0.197509765625
2022-03-07,0.217316,136.68350219726562,137.4530029296875,-0.769500732421875
2022-03-08,0.098872,139.5,136.01449584960938,3.485504150390625
2022-03-09,0.340972,145.68499755859375,139.2790069580078,6.4059906005859375
2022-03-10,0.134436,149.57449340820312,146.8175048828125,2.756988525390625
2022-03-11,0.12014133333333332,145.9810028076172,145.52450561523438,0.4564971923828125
2022-03-14,0.20379999999999998,142.85000610351562,141.85299682617188,0.99700927734375
2022-03-15,0.329812,148.5,147.3665008544922,1.1334991455078125
2022-03-16,0.26195599999999997,152.6405029296875,153.10400390625,-0.4635009765625
2022-03-17,0.159972,156.81300354003906,157.23899841308594,-0.425994873046875
2022-03-18,0.18899199999999997,161.12100219726562,161.25050354003906,-0.1295013427734375
2022-03-21,0.28101200000000004,161.8054962158203,161.4915008544922,0.313995361328125
2022-03-22,0.196388,163.7050018310547,164.88900756835938,-1.1840057373046875
2022-03-23,0.126772,163.74949645996094,163.4080047607422,0.34149169921875
2022-03-24,0.093184,164.0,163.64950561523438,0.350494384765625
2022-03-25,0.218836,164.97500610351562,164.77349853515625,0.201507568359375
2022-03-28,0.24291999999999997,170.38400268554688,168.99049377441406,1.3935089111328125
2022-03-29,0.194192,168.50950622558594,169.31500244140625,-0.8054962158203125
2022-03-30,0.12028,166.44500732421875,166.30099487304688,0.144012451171875
2022-03-31,0.103864,164.14950561523438,162.99749755859375,1.152008056640625
2022-04-01,0.316868,164.125,163.55999755859375,0.56500244140625
2022-04-04,0.112352,167.7415008544922,168.34649658203125,-0.6049957275390625
2022-04-05,0.262912,161.65049743652344,164.05499267578125,-2.4044952392578125
2022-04-06,0.18499600000000002,158.39999389648438,158.75599670410156,-0.3560028076171875
2022-04-07,0.153256,156.75,157.7845001220703,-1.0345001220703125
2022-04-08,0.19305733333333333,152.71299743652344,154.4604949951172,-1.74749755859375
2022-04-11,0.190324,153.6925048828125,151.1219940185547,2.5705108642578125
2022-04-12,0.32846800000000004,150.01849365234375,150.78750610351562,-0.769012451171875
2022-04-13,0.10914,155.38999938964844,155.54100036621094,-0.1510009765625
2022-04-14,0.176412,151.52349853515625,151.7064971923828,-0.1829986572265625
2022-04-18,0.22686800000000001,152.0294952392578,152.78500366210938,-0.7555084228515625
2022-04-19,0.103704,157.6024932861328,158.11549377441406,-0.51300048828125
2022-04-20,0.10151600000000002,154.71400451660156,153.9980010986328,0.71600341796875
2022-04-21,0.036944,148.25,148.29600524902344,-0.0460052490234375
2022-04-22,0.13126133333333334,144.0229949951172,144.35000610351562,-0.3270111083984375
2022-04-25,0.240584,144.8000030517578,146.07400512695312,-1.2740020751953125
2022-04-26,0.0022799999999999886,140.19149780273438,139.39100646972656,0.8004913330078125
2022-04-27,0.0325,142.17799377441406,138.16700744628906,4.010986328125
2022-04-28,0.11235999999999999,129.8489990234375,144.59649658203125,-14.74749755859375
2022-04-29,0.24297866666666668,122.4010009765625,124.28150177001952,-1.880500793457017
2022-05-02,0.213408,124.05349731445312,124.5,-0.446502685546875
2022-05-03,0.030108000000000003,123.5999984741211,124.25350189208984,-0.65350341796875
2022-05-04,0.18956800000000001,123.0,125.92849731445312,-2.928497314453125
2022-05-05,0.16078399999999998,114.8499984741211,116.40699768066406,-1.5569992065429688
2022-05-06,0.112896,111.3125,114.77249908447266,-3.4599990844726562
2022-05-09,0.159012,111.25,108.78900146484376,2.460998535156236
2022-05-10,0.269928,108.10350036621094,108.85900115966795,-0.755500793457017
2022-05-11,0.123476,102.75,105.37200164794922,-2.6220016479492188
2022-05-12,0.29172,109.06900024414062,106.93049621582033,2.1385040283202983
2022-05-13,0.007088000000000001,113.0999984741211,113.05500030517578,0.0449981689453125
2022-05-16,0.194348,113.2750015258789,110.8105010986328,2.464500427246108
2022-05-17,0.24994799999999998,111.4394989013672,115.36849975585938,-3.9290008544921733
2022-05-18,0.116652,106.28050231933594,107.1125030517578,-0.8320007324218608
2022-05-19,0.06468,109.56849670410156,107.31900024414062,2.2494964599609375
2022-05-20,0.2723466666666667,108.46099853515624,107.59100341796876,0.8699951171874716
2022-05-23,0.04552799999999999,104.0250015258789,107.55699920654295,-3.5319976806640483
2022-05-24,0.084076,103.65550231933594,104.0999984741211,-0.44449615478515625
2022-05-25,0.185688,107.97000122070312,106.7750015258789,1.1949996948242188
2022-05-26,0.155584,113.5500030517578,111.07749938964844,2.472503662109361
2022-05-27,0.27130533333333334,116.27999877929688,115.14649963378906,1.1334991455078125
2022-05-31,0.18258000000000002,122.25599670410156,120.20950317382812,2.0464935302734375
2022-06-01,0.25383599999999995,121.68399810791016,121.68399810791016,0.0
2022-06-02,0.16425599999999999,124.1999969482422,125.51100158691406,-1.3110046386718608
2022-06-03,0.1645093333333333,125.25,122.3499984741211,2.9000015258789062
2022-06-06,0.312272,122.01000213623048,124.79000091552734,-2.779998779296861
2022-06-07,0.134996,122.61000061035156,123.0,-0.3899993896484375
2022-06-08,0.19780799999999998,119.98999786376952,121.18000030517578,-1.1900024414062642
2022-06-09,0.155824,113.41999816894533,116.1500015258789,-2.7300033569335795
2022-06-10,0.18245600000000003,104.19000244140624,109.6500015258789,-5.4599990844726705
2022-06-13,0.135296,104.19000244140624,103.66999816894533,0.5200042724609091
2022-06-14,0.18232399999999999,103.86000061035156,102.30999755859376,1.5500030517577983
2022-06-15,0.17020400000000002,104.47000122070312,107.66999816894533,-3.1999969482422017
2022-06-16,0.08757999999999999,102.8000030517578,103.66000366210938,-0.8600006103515767
2022-06-17,0.221932,108.1999969482422,106.22000122070312,1.9799957275390767
2022-06-21,0.053784,107.43000030517578,108.68000030517578,-1.25
2022-06-22,0.102132,110.38999938964844,108.9499969482422,1.4400024414062358
2022-06-23,0.266248,112.37999725341795,112.44000244140624,-0.06000518798828125
2022-06-24,0.22891733333333333,117.08999633789062,116.45999908447266,0.6299972534179688
2022-06-27,0.08368400000000001,113.5,113.22000122070312,0.279998779296875
2022-06-28,0.199868,107.37999725341795,107.4000015258789,-0.02000427246095171
2022-06-29,0.106312,108.11000061035156,108.91999816894533,-0.8099975585937642
2022-06-30,0.07698,106.29000091552734,106.20999908447266,0.0800018310546875
2022-07-01,0.14321066666666665,107.5999984741211,109.55999755859376,-1.9599990844726705
2022-07-05,0.228812,113.20999908447266,113.5,-0.29000091552734375
2022-07-06,0.22551200000000002,113.8499984741211,114.33000183105467,-0.48000335693357954
2022-07-07,0.139496,114.5999984741211,116.33000183105467,-1.7300033569335795
2022-07-08,0.18739066666666668,114.08000183105467,115.54000091552734,-1.4599990844726705
2022-07-11,-0.03765999999999999,112.16000366210938,111.75,0.410003662109375
2022-07-12,0.127528,107.02999877929688,109.22000122070312,-2.19000244140625
2022-07-13,0.131204,110.23999786376952,110.4000015258789,-0.1600036621093892
2022-07-14,0.253548,112.5,110.62999725341795,1.8700027465820455
2022-07-15,0.14515599999999998,115.0,113.5500030517578,1.4499969482422017
2022-07-18,0.18769200000000003,115.6999969482422,113.76000213623048,1.9399948120117188
2022-07-19,0.19165600000000002,118.62000274658205,118.20999908447266,0.4100036621093892
2022-07-20,0.36125599999999997,123.1999969482422,122.7699966430664,0.43000030517579546
2022-07-21,0.28706,125.01000213623048,124.62999725341795,0.3800048828125284
2022-07-22,0.13162,122.6999969482422,122.41999816894533,0.279998779296875
2022-07-25,0.05854,115.79000091552734,121.13999938964844,-5.349998474121094
2022-07-26,0.245148,117.30999755859376,114.80999755859376,2.5
2022-07-27,0.293624,121.56999969482422,120.97000122070312,0.5999984741210938
2022-07-28,0.234284,134.89999389648438,122.27999877929688,12.6199951171875
2022-07-29,0.2264826666666667,134.9600067138672,134.9499969482422,0.010009765625
2022-08-01,0.218664,134.72000122070312,135.38999938964844,-0.6699981689453125
2022-08-02,0.19639600000000002,136.2100067138672,134.16000366210938,2.0500030517578125
2022-08-03,0.250768,140.5800018310547,139.52000427246094,1.05999755859375
2022-08-04,0.22455999999999998,140.10000610351562,142.57000732421875,-2.470001220703125
2022-08-05,0.25882133333333335,142.0500030517578,140.8000030517578,1.25
2022-08-08,0.210996,138.0500030517578,139.41000366210938,-1.3600006103515625
2022-08-09,0.169068,142.89999389648438,137.8300018310547,5.0699920654296875
2022-08-10,0.183464,143.86000061035156,142.69000244140625,1.1699981689453125
2022-08-11,0.293375,142.0500030517578,140.63999938964844,1.410003662109375
2022-08-12,0.2517453333333333,142.8000030517578,143.5500030517578,-0.75
2022-08-15,-0.01766000000000001,143.91000366210938,143.17999267578125,0.730010986328125
2022-08-16,0.18871200000000002,142.69000244140625,144.77999877929688,-2.089996337890625
2022-08-17,0.085144,141.32000732421875,142.10000610351562,-0.779998779296875
2022-08-18,0.171444,140.47000122070312,142.3000030517578,-1.8300018310546875
2022-08-19,0.13926933333333333,135.72000122070312,138.22999572753906,-2.5099945068359375
2022-08-22,0.28768,133.41000366210938,133.22000122070312,0.19000244140625
2022-08-23,0.033516,132.75,133.6199951171875,-0.8699951171875
2022-08-24,0.432172,135.25999450683594,133.8000030517578,1.459991455078125
2022-08-25,0.159596,136.5500030517578,137.27999877929688,-0.7299957275390625
2022-08-26,0.19454533333333335,129.89999389648438,130.75,-0.850006103515625
2022-08-29,0.0626,131.25,129.7899932861328,1.4600067138671875
2022-08-30,0.148892,129.4499969482422,128.72999572753906,0.720001220703125
2022-08-31,0.150396,126.0,126.7699966430664,-0.7699966430664062
2022-09-01,0.046599999999999996,129.5,127.81999969482422,1.6800003051757812
2022-09-02,0.1637411666666667,127.91999816894533,127.51000213623048,0.40999603271484375
2022-09-06,0.133124,126.12000274658205,126.11000061035156,0.01000213623048296
2022-09-07,0.23521599999999998,127.72000122070312,129.47999572753906,-1.7599945068359375
2022-09-08,0.17736800000000003,130.91000366210938,129.82000732421875,1.089996337890625
2022-09-09,0.205348,134.10000610351562,133.27000427246094,0.8300018310546875
2022-09-12,0.198008,131.00999450683594,136.4499969482422,-5.44000244140625
2022-09-13,0.218292,127.36000061035156,126.81999969482422,0.5400009155273438
2022-09-14,0.1841,127.37999725341795,128.5500030517578,-1.170005798339858
2022-09-15,0.392224,122.77999877929688,126.27999877929688,-3.5
2022-09-16,0.09896092307692307,122.16000366210938,123.52999877929688,-1.3699951171875
2022-09-19,0.282028,123.3499984741211,124.66000366210938,-1.3100051879882812
2022-09-20,-0.024915999999999997,122.48999786376952,122.19000244140624,0.29999542236328125
2022-09-21,0.13108,117.08000183105467,118.54000091552734,-1.4599990844726705
2022-09-22,0.095672,116.0,117.30999755859376,-1.3099975585937642
2022-09-23,0.26599866666666666,113.3000030517578,113.77999877929688,-0.4799957275390767
2022-09-26,0.10173600000000001,117.1999969482422,115.1500015258789,2.0499954223632955
2022-09-27,0.190932,114.37999725341795,114.41000366210938,-0.03000640869142046
2022-09-28,0.200008,115.5999984741211,118.01000213623048,-2.410003662109389
2022-09-29,0.10418333333333334,114.08000183105467,114.8000030517578,-0.720001220703125
2022-09-30,0.16667866666666667,113.58000183105467,113.0,0.5800018310546733
2022-10-03,0.157044,119.88999938964844,115.87999725341795,4.010002136230483
2022-10-04,0.250572,118.58000183105467,121.08999633789062,-2.5099945068359517
2022-10-05,0.03558,120.7699966430664,120.9499969482422,-0.18000030517579546
2022-10-06,0.15932400000000002,118.0,120.3000030517578,-2.3000030517577983
2022-10-07,0.2309211904761905,115.0999984741211,114.55999755859376,0.5400009155273295
2022-10-10,0.09672399999999999,112.70999908447266,113.66999816894533,-0.9599990844726705
2022-10-11,0.12947199999999998,112.48999786376952,112.20999908447266,0.2799987792968608
2022-10-12,0.11038,107.87999725341795,112.9000015258789,-5.020004272460952
2022-10-13,0.064816,114.0999984741211,112.52999877929688,1.5699996948242188
2022-10-14,0.11274666666666666,110.11000061035156,106.9000015258789,3.2099990844726562
2022-10-17,0.151372,119.05999755859376,113.79000091552734,5.2699966430664205
2022-10-18,0.128848,114.70999908447266,116.36000061035156,-1.6500015258789062
2022-10-19,0.04658235294117647,113.83000183105467,115.06999969482422,-1.2399978637695455
2022-10-20,0.257848,114.79000091552734,115.25,-0.45999908447265625
2022-10-21,0.20144933333333334,119.9800033569336,119.31999969482422,0.660003662109375
2022-10-24,0.064316,119.6500015258789,119.81999969482422,-0.1699981689453125
2022-10-25,0.10726,116.0,120.5999984741211,-4.599998474121094
2022-10-26,0.046964,113.91999816894533,115.66000366210938,-1.7400054931640483
2022-10-27,0.009008,97.91000366210938,110.95999908447266,-13.049995422363281
2022-10-28,0.11799466666666668,103.55999755859376,103.41000366210938,0.1499938964843892
2022-10-31,0.046716,103.98999786376952,102.44000244140624,1.5499954223632812
2022-11-01,0.10180399999999999,97.31999969482422,96.79000091552734,0.529998779296875
2022-11-02,0.15184799999999998,92.47000122070312,92.12000274658205,0.34999847412107954
2022-11-03,0.17421199999999998,91.48999786376952,89.30000305175781,2.1899948120117045
2022-11-04,0.09697466666666667,91.9499969482422,90.9800033569336,0.969993591308608
2022-11-07,0.03712,90.79000091552734,90.52999877929688,0.26000213623046875
2022-11-08,0.196512,89.47000122070312,89.9800033569336,-0.5100021362304688
2022-11-09,0.03394,92.94000244140624,86.13999938964844,6.800003051757798
2022-11-10,0.29804400000000003,97.87999725341795,96.62999725341795,1.25
2022-11-11,0.11684133333333334,98.7699966430664,100.79000091552734,-2.0200042724609375
2022-11-14,0.134912,103.20999908447266,98.48999786376952,4.720001220703139
2022-11-15,0.202572,96.8499984741211,98.94000244140624,-2.090003967285142
2022-11-16,-0.010268000000000001,95.37000274658205,97.12000274658205,-1.75
2022-11-17,0.18180400000000002,95.9499969482422,94.8499984741211,1.099998474121108
2022-11-18,0.25805083333333334,93.97000122070312,94.13999938964844,-0.1699981689453125
2022-11-21,0.207928,92.62000274658205,92.45999908447266,0.1600036621093892
2022-11-22,0.168216,93.23999786376952,93.1999969482422,0.04000091552731533
2022-11-25,0.157048,93.93000030517578,93.41000366210938,0.5199966430664062
2022-11-28,0.04598,94.04000091552734,93.9499969482422,0.09000396728514204
2022-11-29,0.129024,92.47000122070312,92.41999816894533,0.05000305175779829
2022-11-30,0.181464,96.98999786376952,96.54000091552734,0.4499969482421733
2022-12-01,0.226648,94.4800033569336,95.5,-1.0199966430664062
2022-12-02,0.13137644444444443,93.0500030517578,94.12999725341795,-1.0799942016601562
2022-12-05,0.05766,90.5,91.01000213623048,-0.510002136230483
2022-12-06,0.07347200000000001,88.33999633789062,88.25,0.089996337890625
2022-12-07,0.36168,89.23999786376953,88.45999908447266,0.779998779296875
2022-12-08,0.30094,88.9000015258789,90.3499984741211,-1.4499969482421875
2022-12-09,0.07417866666666666,89.20999908447266,89.08999633789062,0.12000274658203125
2022-12-12,0.241648,95.2300033569336,90.5500030517578,4.6800003051757955
2022-12-13,0.040771999999999996,92.5,92.48999786376952,0.01000213623048296
2022-12-14,0.22988399999999998,89.88999938964844,91.58000183105467,-1.6900024414062358
2022-12-15,0.154984,88.2699966430664,88.44999694824219,-0.18000030517578125
2022-12-16,0.1309811282051282,87.51000213623047,87.86000061035156,-0.34999847412109375
2022-12-19,0.22947599999999999,85.33000183105469,84.91999816894531,0.410003662109375
2022-12-20,0.13826,86.18000030517578,85.19000244140625,0.9899978637695312
2022-12-21,0.09189599999999999,85.5199966430664,86.7699966430664,-1.25
2022-12-22,-0.011852000000000012,83.25,83.79000091552734,-0.5400009155273438
2022-12-23,0.089047,84.97000122070312,85.25,-0.279998779296875
2022-12-27,0.09205200000000001,82.80000305175781,83.04000091552734,-0.23999786376953125
2022-12-28,0.05306399999999999,82.87000274658203,81.81999969482422,1.0500030517578125
2022-12-29,0.193548,83.12000274658203,84.18000030517578,-1.05999755859375
2022-12-30,0.32361666666666666,85.45999908447266,84.0,1.4599990844726562
2023-01-03,0.08826,86.55000305175781,85.81999969482422,0.7300033569335938
2023-01-04,0.094,85.33000183105469,85.13999938964844,0.19000244140625
2023-01-05,0.129784,83.02999877929688,83.12000274658203,-0.09000396728515625
2023-01-06,0.25986533333333334,87.45999908447266,86.08000183105469,1.3799972534179688
2023-01-09,0.25819200000000003,87.56999969482422,87.36000061035156,0.20999908447265625
2023-01-10,0.146624,90.93000030517578,89.87000274658203,1.05999755859375
2023-01-11,0.145788,96.93000030517578,95.08999633789062,1.8400039672851562
2023-01-12,0.231884,94.18000030517578,95.2699966430664,-1.089996337890625
2023-01-13,0.18405111111111114,98.68000030517578,98.12000274658205,0.5599975585937358
2023-01-17,0.21282800000000002,97.25,96.0500030517578,1.1999969482422017
2023-01-18,0.266336,94.73999786376952,95.45999908447266,-0.7200012207031392
2023-01-19,0.15125714285714284,93.86000061035156,93.68000030517578,0.18000030517578125
2023-01-20,0.213498,97.55999755859376,97.25,0.3099975585937642
2023-01-23,0.156208,96.93000030517578,97.5199966430664,-0.589996337890625
2023-01-24,0.071352,92.55999755859376,96.31999969482422,-3.7600021362304545
2023-01-25,0.18355000000000002,98.23999786376952,97.18000030517578,1.0599975585937358
2023-01-26,0.15321428571428572,99.52999877929688,99.22000122070312,0.30999755859375
2023-01-27,0.17758219607843137,101.08999633789062,102.23999786376952,-1.150001525878892
2023-01-30,0.0045400000000000015,101.16000366210938,100.5500030517578,0.6100006103515767
2023-01-31,0.0,102.52999877929688,103.12999725341795,-0.5999984741210795
2023-02-01,0.227464,110.25,105.1500015258789,5.099998474121094
2023-02-02,0.191752,105.26000213623048,112.91000366210938,-7.650001525878892
2023-02-03,0.10120928654970761,102.93000030517578,103.38999938964844,-0.45999908447265625
2023-02-06,0.30932,101.16999816894533,102.18000030517578,-1.0100021362304545
2023-02-07,0.26462800000000003,102.04000091552734,102.11000061035156,-0.06999969482421875
2023-02-08,0.071332,101.31999969482422,100.0500030517578,1.2699966430664205
2023-02-09,0.203736,97.55999755859376,98.23999786376952,-0.6800003051757528
2023-02-10,0.12012644444444442,97.8499984741211,97.61000061035156,0.23999786376953125
2023-02-13,0.351196,98.41000366210938,99.54000091552734,-1.1299972534179688
2023-02-14,0.5798500000000001,99.08999633789062,99.6999969482422,-0.6100006103515767
2023-02-15,0.16014,99.20999908447266,101.16000366210938,-1.9500045776367188
2023-02-16,0.0641,97.8000030517578,98.1500015258789,-0.34999847412110796
2023-02-17,0.166902,95.33999633789062,97.1999969482422,-1.8600006103515767
2023-02-21,0.5423,95.0999984741211,94.58000183105467,0.5199966430664205
2023-02-22,0.1849,96.12000274658205,95.79000091552734,0.3300018310547017
2023-02-23,0.07125599999999999,93.52999877929688,95.81999969482422,-2.2900009155273438
2023-02-24,-0.17397244444444446,94.27999877929688,93.5,0.779998779296875
2023-02-27,0.20095,93.13999938964844,93.76000213623048,-0.6200027465820455
2023-02-28,0.006550000000000007,93.87000274658205,94.2300033569336,-0.3600006103515483
2023-03-01,0.06592400000000001,91.41000366210938,92.16999816894533,-0.7599945068359517
2023-03-02,0.08660000000000001,92.73999786376952,92.12999725341795,0.6100006103515625
2023-03-03,0.16859619047619048,95.19000244140624,94.9000015258789,0.29000091552732954
2023-03-06,0.2102285714285714,94.05999755859376,93.75,0.3099975585937642
2023-03-07,0.4010769230769231,93.5999984741211,93.5500030517578,0.04999542236329546
2023-03-08,0.4263,93.68000030517578,93.91999816894533,-0.23999786376954546
2023-03-10,-0.19856066666666664,89.97000122070312,90.7300033569336,-0.7600021362304688
2023-03-13,0.10010000000000002,93.83000183105467,92.43000030517578,1.400001525878892
2023-03-14,-0.2386,93.22000122070312,94.87999725341795,-1.6599960327148295
2023-03-15,-0.06086666666666668,95.75,96.1999969482422,-0.4499969482422017
2023-03-16,0.36267200000000005,99.79000091552734,100.04000091552734,-0.25
2023-03-17,0.31885600000000003,98.41000366210938,98.9499969482422,-0.5399932861328267
2023-03-20,0.09648799999999999,98.13999938964844,97.70999908447266,0.43000030517578125
2023-03-21,0.22435384615384615,100.4499969482422,100.61000061035156,-0.1600036621093608
2023-03-22,0.287668,100.43000030517578,98.6999969482422,1.7300033569335795
2023-03-24,0.10756102564102564,99.06999969482422,98.12999725341795,0.9400024414062642
2023-03-27,-0.21075,98.11000061035156,98.04000091552734,0.06999969482421875
2023-03-28,0.22966,98.69000244140624,97.23999786376952,1.4500045776367188
2023-03-30,0.036016,102.16000366210938,102.0,0.160003662109375
2023-03-31,0.14684298412698413,102.3000030517578,103.29000091552734,-0.9899978637695455
2023-04-03,0.23263999999999999,102.75,102.41000366210938,0.339996337890625
2023-04-04,0.3146714285714286,103.91000366210938,103.9499969482422,-0.03999328613282671
2023-04-05,0.0,100.75,101.0999984741211,-0.34999847412109375
2023-04-06,0.480825,100.95999908447266,102.05999755859376,-1.099998474121108
2023-04-10,0.2602,100.8000030517578,102.16999816894533,-1.3699951171875284
2023-04-11,0.10183199999999999,100.4000015258789,99.91999816894533,0.48000335693357954
2023-04-12,0.05997142857142858,98.9499969482422,97.83000183105467,1.1199951171875284
2023-04-13,0.218584,102.06999969482422,102.4000015258789,-0.3300018310546875
2023-04-14,0.17276933333333333,103.16000366210938,102.51000213623048,0.650001525878892
2023-04-17,0.186676,103.9499969482422,102.73999786376952,1.2099990844726847
2023-04-18,0.25128000000000006,101.58000183105467,102.3000030517578,-0.720001220703125
2023-04-19,0.096976,103.52999877929688,104.3000030517578,-0.7700042724609233
2023-04-21,0.3102146666666667,107.66000366210938,106.95999908447266,0.7000045776367188
2023-04-24,0.10596521739130434,104.91000366210938,106.20999908447266,-1.2999954223632812
2023-04-25,0.17816400000000002,105.04000091552734,102.56999969482422,2.470001220703125
2023-04-26,0.0,108.16000366210938,104.9800033569336,3.1800003051757812
2023-04-27,0.142392,107.7300033569336,109.81999969482422,-2.089996337890625
2023-04-28,0.17722400000000002,104.9499969482422,105.4499969482422,-0.5
2023-05-01,0.25512,101.47000122070312,102.0500030517578,-0.5800018310546733
2023-05-02,-0.4008,103.73999786376952,103.62999725341795,0.1100006103515625
2023-05-03,0.03787894736842105,104.04000091552734,103.6500015258789,0.3899993896484375
2023-05-04,0.192616,104.2699966430664,104.0,0.26999664306640625
2023-05-05,0.20021066666666665,105.04000091552734,105.66000366210938,-0.6200027465820312
2023-05-08,0.08899230769230768,105.4800033569336,105.83000183105467,-0.34999847412107954
2023-05-09,0.14952,108.0999984741211,106.62000274658205,1.4799957275390483
2023-05-10,0.205896,111.02999877929688,110.19000244140624,0.8399963378906392
2023-05-11,0.21109999999999998,112.16000366210938,112.18000030517578,-0.01999664306640625
2023-05-12,0.08383866666666667,111.1500015258789,110.26000213623048,0.8899993896484233
2023-05-15,0.190148,111.0500030517578,111.1999969482422,-0.14999389648440342
2023-05-16,0.28444400000000003,114.88999938964844,113.4000015258789,1.4899978637695312
2023-05-17,0.24915454545454543,116.69000244140624,115.5,1.1900024414062358
2023-05-18,0.20173199999999997,118.16000366210938,118.1500015258789,0.01000213623046875
2023-05-19,0.18750785964912284,116.7699966430664,116.25,0.5199966430664062
2023-05-22,0.188628,114.2699966430664,115.01000213623048,-0.7400054931640767
2023-05-23,0.26614,115.3499984741211,114.98999786376952,0.3600006103515767
2023-05-24,0.28772,116.62999725341795,116.75,-0.12000274658204546
2023-05-25,0.28334,116.04000091552734,115.0,1.0400009155273438
2023-05-26,0.011483333333333326,122.37000274658205,120.11000061035156,2.260002136230483
2023-05-30,0.22178,121.4499969482422,121.66000366210938,-0.2100067138671733
2023-05-31,0.21200416666666666,120.69000244140624,120.58000183105467,0.1100006103515625
2023-06-01,0.03281666666666668,124.91999816894533,122.7699966430664,2.1500015258789205
2023-06-02,0.1387049696969697,123.36000061035156,124.25,-0.8899993896484375
2023-06-05,0.17372800000000002,125.06999969482422,125.3000030517578,-0.23000335693357954
2023-06-06,0.143536,127.01000213623048,126.61000061035156,0.40000152587892046
2023-06-07,0.26958,123.01000213623048,121.2300033569336,1.7799987792968892
2023-06-08,0.108824,124.08000183105467,124.25,-0.1699981689453267
2023-06-09,0.138988,124.0199966430664,123.43000030517578,0.589996337890625
2023-06-12,0.326488,128.1199951171875,126.56999969482422,1.5499954223632812
2023-06-13,0.20470526315789475,126.6999969482422,126.66000366210938,0.03999328613282671
2023-06-14,0.03755599999999999,125.20999908447266,126.41999816894533,-1.2099990844726705
2023-06-15,0.0889,127.70999908447266,127.11000061035156,0.5999984741210938
2023-06-16,0.367812,124.97000122070312,125.48999786376952,-0.519996643066392
2023-06-20,0.07100000000000001,125.63999938964844,125.77999877929688,-0.1399993896484375
2023-06-21,0.228504,125.30999755859376,124.83000183105467,0.4799957275390909
2023-06-22,0.192992,129.11000061035156,130.14999389648438,-1.0399932861328125
2023-06-23,0.11760133333333334,129.3300018310547,129.3300018310547,0.0
2023-06-26,0.08192400000000001,128.6300048828125,127.33000183105467,1.3000030517578267
2023-06-27,0.24974,128.94000244140625,129.17999267578125,-0.239990234375
2023-06-28,0.244436,128.77000427246094,129.0399932861328,-0.269989013671875
2023-06-29,0.22007199999999996,129.47000122070312,127.9000015258789,1.5699996948242188
2023-06-30,0.28526685714285716,130.82000732421875,130.36000061035156,0.4600067138671875
2023-07-03,0.111972,130.24000549316406,130.22000122070312,0.0200042724609375
2023-07-05,0.17819600000000002,128.25,130.3800048828125,-2.1300048828125
2023-07-07,0.162508,129.07000732421875,129.77999877929688,-0.709991455078125
2023-07-10,0.177868,127.75,127.12999725341795,0.6200027465820455
2023-07-11,0.27104347826086955,130.30999755859375,128.77999877929688,1.529998779296875
2023-07-12,0.18598800000000001,134.0399932861328,130.8000030517578,3.239990234375
2023-07-13,0.20868000000000003,134.05999755859375,134.3000030517578,-0.2400054931640625
2023-07-14,0.29690861904761906,134.55999755859375,134.67999267578125,-0.1199951171875
2023-07-17,0.34995384615384617,132.7100067138672,133.55999755859375,-0.8499908447265625
2023-07-18,0.3902,133.38999938964844,132.8300018310547,0.55999755859375
2023-07-19,0.400456,134.07000732421875,135.36000061035156,-1.2899932861328125
2023-07-20,0.175436,131.33999633789062,129.9600067138672,1.3799896240234375
2023-07-21,0.29261733333333334,130.30999755859375,130.0,0.30999755859375
2023-07-24,0.29922,129.30999755859375,128.8000030517578,0.5099945068359375
2023-07-25,0.008772000000000007,126.51000213623048,129.1300048828125,-2.620002746582017
2023-07-26,0.195992,131.0,128.14999389648438,2.850006103515625
2023-07-27,0.168064,129.69000244140625,128.25,1.44000244140625
2023-07-28,0.19487333333333334,133.1999969482422,132.2100067138672,0.989990234375
2023-07-31,0.31215600000000004,133.5500030517578,133.67999267578125,-0.1299896240234375
2023-08-01,0.19754000000000002,130.14999389648438,131.69000244140625,-1.540008544921875
2023-08-02,0.20900000000000002,127.4800033569336,128.2100067138672,-0.7300033569335938
2023-08-03,0.37925600000000004,141.05999755859375,128.91000366210938,12.149993896484375
2023-08-04,0.16506533333333334,140.99000549316406,139.57000732421875,1.4199981689453125
2023-08-07,0.394264,140.6199951171875,142.22000122070312,-1.600006103515625
2023-08-08,0.279208,139.97000122070312,139.94000244140625,0.029998779296875
2023-08-09,0.2886,139.07000732421875,137.85000610351562,1.220001220703125
2023-08-10,0.283824,137.39999389648438,138.55999755859375,-1.160003662109375
2023-08-11,0.21924561403508772,138.3000030517578,138.41000366210938,-0.1100006103515625
2023-08-14,0.13924,140.0500030517578,140.57000732421875,-0.5200042724609375
2023-08-15,0.29424799999999995,137.19000244140625,137.6699981689453,-0.4799957275390625
2023-08-16,0.14267083333333333,135.4600067138672,135.07000732421875,0.3899993896484375
2023-08-17,0.07256666666666667,131.6199951171875,133.97999572753906,-2.3600006103515625
2023-08-18,0.11822933333333334,133.74000549316406,133.22000122070312,0.5200042724609375
2023-08-22,0.141516,134.5,134.25,0.25
2023-08-24,0.20474,132.47000122070312,131.83999633789062,0.6300048828125
2023-08-25,0.23085933333333333,133.77999877929688,133.25999450683594,0.5200042724609375
2023-08-28,0.097864,133.3800048828125,133.13999938964844,0.2400054931640625
2023-08-29,0.023719999999999998,134.92999267578125,134.91000366210938,0.019989013671875
2023-08-30,0.31526,135.05999755859375,135.07000732421875,-0.010009765625
2023-08-31,0.031050000000000015,139.4600067138672,138.00999450683594,1.45001220703125
2023-09-01,-0.10150399999999998,137.72999572753906,138.1199951171875,-0.3899993896484375
2023-09-05,0.77,136.32000732421875,137.27000427246094,-0.9499969482421875
2023-09-06,0.33079285714285717,133.89999389648438,135.36000061035156,-1.4600067138671875
2023-09-07,0.26885200000000004,136.86000061035156,137.85000610351562,-0.9900054931640625
2023-09-08,0.2949305882352941,138.75,138.22999572753906,0.5200042724609375
2023-09-11,0.344908,142.32000732421875,143.10000610351562,-0.779998779296875
2023-09-12,0.381224,140.9499969482422,141.22999572753906,-0.279998779296875
2023-09-13,0.31522,145.0800018310547,144.85000610351562,0.2299957275390625
2023-09-14,0.258144,142.69000244140625,144.72000122070312,-2.029998779296875
2023-09-15,0.11821466666666668,140.47999572753906,140.38999938964844,0.089996337890625
2023-09-18,0.0,138.6999969482422,139.97999572753906,-1.279998779296875
2023-09-19,0.37032631578947367,138.5500030517578,137.6300048828125,0.9199981689453125
2023-09-20,0.15513846153846153,131.94000244140625,135.2899932861328,-3.3499908447265625
2023-09-21,-0.03702000000000001,131.11000061035156,129.3300018310547,1.779998779296875
2023-09-22,0.20103079487179487,129.36000061035156,129.1199951171875,0.2400054931640625
2023-09-25,0.40964799999999996,130.1199951171875,131.27000427246094,-1.1500091552734375
2023-09-26,0.06480000000000001,125.76000213623048,125.9800033569336,-0.2200012207031108
2023-09-27,0.37213333333333337,124.04000091552734,125.9800033569336,-1.94000244140625
2023-09-28,0.2901478260869565,128.1999969482422,125.9800033569336,2.2199935913085938
2023-09-29,0.22457527272727273,127.27999877929688,127.12000274658205,0.15999603271482954
2023-10-02,0.24577857142857143,128.05999755859375,129.4600067138672,-1.4000091552734375
2023-10-03,0.21313846153846153,126.05999755859376,124.72000122070312,1.3399963378906392
2023-10-04,0.28860800000000003,126.70999908447266,127.0,-0.29000091552734375
2023-10-05,0.20762,124.16000366210938,125.95999908447266,-1.7999954223632812
2023-10-06,0.21620933333333334,126.22000122070312,127.95999908447266,-1.7399978637695312
2023-10-11,0.236388,132.1699981689453,131.8300018310547,0.339996337890625
2023-10-13,0.239146,130.69000244140625,129.7899932861328,0.9000091552734375
2023-10-17,0.35018,129.89999389648438,131.47000122070312,-1.57000732421875
2023-10-18,0.27243333333333336,130.57000732421875,128.1300048828125,2.44000244140625
2023-10-20,0.07998144444444445,124.62999725341795,125.16999816894533,-0.5400009155273722
2023-10-24,0.085656,126.04000091552734,128.55999755859375,-2.5199966430664062
2023-10-25,0.14988800000000002,120.62999725341795,121.38999938964844,-0.760002136230483
2023-10-26,0.458124,126.1999969482422,119.56999969482422,6.629997253417983
2023-10-27,0.29351777777777777,129.72000122070312,127.73999786376952,1.980003356933608
2023-10-30,0.44766666666666666,132.75,132.7100067138672,0.0399932861328125
2023-10-31,0.24684999999999999,133.9600067138672,133.08999633789062,0.8700103759765625
2023-11-01,0.0,138.72999572753906,137.0,1.7299957275390625
2023-11-02,0.146412,138.99000549316406,138.07000732421875,0.9199981689453125
2023-11-03,0.29794366666666666,138.75999450683594,138.60000610351562,0.1599884033203125
2023-11-07,0.3635,142.97000122070312,142.7100067138672,0.2599945068359375
2023-11-08,0.25105,142.02000427246094,142.0800018310547,-0.05999755859375
2023-11-09,0.06398571428571428,140.4600067138672,140.60000610351562,-0.1399993896484375
2023-11-10,0.24262190476190473,142.0800018310547,143.55999755859375,-1.4799957275390625
2023-11-13,0.19435,145.0,142.58999633789062,2.410003662109375
2023-11-14,0.1599375,147.05999755859375,145.8000030517578,1.2599945068359375
2023-11-15,-0.5095,140.91000366210938,143.1999969482422,-2.2899932861328125
2023-11-16,0.112208,142.66000366210938,142.8300018310547,-0.1699981689453125
2023-11-17,0.48283,145.1300048828125,145.17999267578125,-0.04998779296875
2023-11-20,-0.296,143.91000366210938,146.1300048828125,-2.220001220703125
2023-11-21,0.318756,144.57000732421875,143.89999389648438,0.670013427734375
2023-11-22,0.17285000000000003,146.6999969482422,146.7100067138672,-0.010009765625
2023-11-24,0.16954828070175443,147.52999877929688,146.74000549316406,0.7899932861328125
2023-11-28,0.3421,147.85000610351562,147.02999877929688,0.82000732421875
2023-11-29,0.14146666666666668,144.75999450683594,146.32000732421875,-1.5600128173828125
2023-11-30,0.3011142857142857,146.0,146.08999633789062,-0.089996337890625
2023-12-01,0.15213333333333331,145.25,147.02999877929688,-1.779998779296875
2023-12-04,0.11581818181818182,143.5500030517578,144.83999633789062,-1.2899932861328125
2023-12-05,0.244572,147.5800018310547,146.8800048828125,0.6999969482421875
2023-12-06,0.23207692307692307,146.14999389648438,144.52000427246094,1.6299896240234375
2023-12-07,0.18757200000000002,145.47999572753906,146.8800048828125,-1.4000091552734375
2023-12-08,0.1991197142857143,145.66000366210938,147.4199981689453,-1.7599945068359375
2023-12-11,0.15274000000000001,145.52000427246094,145.88999938964844,-0.3699951171875
2023-12-12,0.37118,148.1199951171875,147.47999572753906,0.6399993896484375
2023-12-14,0.24695,148.3800048828125,147.4199981689453,0.9600067138671875
2023-12-15,0.14592500000000003,150.55999755859375,149.97000122070312,0.589996337890625
2023-12-18,0.22265833333333332,154.39999389648438,154.07000732421875,0.329986572265625
2023-12-19,0.35574999999999996,152.89999389648438,153.7899932861328,-0.8899993896484375
2023-12-20,0.38807777777777774,153.3000030517578,152.1199951171875,1.1800079345703125
2023-12-22,0.4056354285714286,153.55999755859375,153.4199981689453,0.1399993896484375
2023-12-27,0.06917499999999999,153.72000122070312,153.33999633789062,0.3800048828125
2023-12-28,0.302892,153.10000610351562,153.3800048828125,-0.279998779296875
2023-12-29,0.1545777777777778,151.5399932861328,151.94000244140625,-0.4000091552734375
2024-01-03,0.31405,145.58999633789062,148.47000122070312,-2.8800048828125
2024-01-04,0.8023,144.69000244140625,144.57000732421875,0.1199951171875
2024-01-05,0.028330000000000022,146.74000549316406,145.24000549316406,1.5
2024-01-08,0.34571666666666667,148.3300018310547,149.10000610351562,-0.7700042724609375
2024-01-09,0.24295,152.05999755859375,151.3699951171875,0.69000244140625
2024-01-10,0.30883333333333335,155.0399932861328,153.72999572753906,1.30999755859375
2024-01-11,0.150725,155.38999938964844,155.17999267578125,0.2100067138671875
2024-01-12,0.42855944444444444,153.52999877929688,154.6199951171875,-1.089996337890625
2024-01-16,0.038025,151.49000549316406,153.16000366210938,-1.6699981689453125
2024-01-18,0.21714999999999998,153.8300018310547,153.5,0.3300018310546875
2024-01-19,0.1548905,156.88999938964844,155.33999633789062,1.5500030517578125
2024-01-23,0.2320785714285714,157.8000030517578,156.02000427246094,1.779998779296875
2024-01-24,0.18298333333333336,156.9499969482422,156.8699951171875,0.0800018310546875
2024-01-26,0.35907639215686277,159.33999633789062,159.1199951171875,0.220001220703125
2024-01-29,0.228412,160.6999969482422,161.25999450683594,-0.55999755859375
2024-01-30,0.8207,157.0,159.0,-2.0
2024-01-31,0.128736,155.8699951171875,155.1999969482422,0.6699981689453125
2024-02-01,0.19048400000000001,169.19000244140625,159.27999877929688,9.910003662109375
2024-02-02,0.2880993333333333,170.1999969482422,171.80999755859375,-1.6100006103515625
2024-02-05,0.5017142857142857,169.38999938964844,170.30999755859375,-0.9199981689453125
2024-02-07,-0.2057,169.64999389648438,170.52999877929688,-0.8800048828125
2024-02-09,0.273718,174.8000030517578,174.4499969482422,0.350006103515625
2024-02-12,0.134775,167.72999572753906,172.33999633789062,-4.6100006103515625
2024-02-13,0.1639,169.2100067138672,168.63999938964844,0.57000732421875
2024-02-14,0.2396230769230769,170.5800018310547,170.97999572753906,-0.399993896484375
2024-02-15,0.27383199999999996,168.74000549316406,169.8000030517578,-1.05999755859375
2024-02-16,0.4087,167.8300018310547,169.50999450683594,-1.67999267578125
2024-02-20,0.20108399999999998,168.94000244140625,167.0800018310547,1.8600006103515625
2024-02-21,0.28238800000000003,173.10000610351562,168.58999633789062,4.510009765625
2024-02-22,0.2263,174.27999877929688,174.5800018310547,-0.3000030517578125
2024-02-23,0.500795,175.6999969482422,174.99000549316406,0.709991455078125
2024-02-26,-0.1531,174.0800018310547,174.72999572753906,-0.649993896484375
2024-02-28,-0.13063333333333332,173.00999450683594,173.16000366210938,-0.1500091552734375
2024-02-29,0.0,176.75,176.75999450683594,-0.0099945068359375
2024-03-01,0.0,177.52999877929688,178.22000122070312,-0.69000244140625
2024-03-06,0.0,174.8300018310547,173.50999450683594,1.32000732421875
2024-03-07,-0.13782499999999998,176.44000244140625,176.82000732421875,-0.3800048828125
2024-03-08,0.31229999999999997,174.30999755859375,175.35000610351562,-1.040008544921875
2024-03-11,0.1759,173.5,171.9600067138672,1.5399932861328125
2024-03-12,0.42154285714285716,175.89999389648438,175.38999938964844,0.5099945068359375
2024-03-13,0.3518,177.69000244140625,176.55999755859375,1.1300048828125
2024-03-14,0.27114,176.63999938964844,178.75,-2.1100006103515625
2024-03-15,-0.048949999999999994,175.8000030517578,174.4199981689453,1.3800048828125
2024-03-18,0.5206999999999999,174.22000122070312,174.47999572753906,-0.2599945068359375
2024-03-19,0.14308,176.13999938964844,175.89999389648438,0.2400054931640625
2024-03-20,0.17611,179.99000549316406,178.14999389648438,1.8400115966796875
2024-03-21,-0.23263333333333333,177.75,178.14999389648438,-0.399993896484375
2024-03-22,0.36895,178.00999450683594,178.8699951171875,-0.8600006103515625
2024-03-26,-0.6705,179.8800048828125,178.3000030517578,1.5800018310546875
2024-03-27,0.2626,180.1699981689453,179.8300018310547,0.339996337890625
2024-04-02,0.8176,179.89999389648438,180.69000244140625,-0.790008544921875
2024-04-03,0.3891,184.0,182.41000366210935,1.5899963378906534
2024-04-05,0.2955833333333333,186.8999938964844,185.07000732421875,1.8299865722656534
2024-04-08,0.12040000000000001,187.2400054931641,185.19000244140625,2.050003051757841
2024-04-09,0.105075,182.77000427246097,185.6699981689453,-2.8999938964843466
2024-04-10,0.4767,186.7400054931641,185.9499969482422,0.7900085449219034
2024-04-11,0.4820333333333333,187.72000122070312,189.0500030517578,-1.3300018310546875
2024-04-12,0.0,187.42999267578125,186.1300048828125,1.29998779296875
2024-04-18,0.2882777777777778,178.74000549316406,179.22000122070312,-0.4799957275390625
2024-04-19,-0.1404,176.94000244140625,174.6300048828125,2.30999755859375
2024-04-22,0.42040000000000005,178.0800018310547,177.22999572753906,0.850006103515625
2024-04-23,0.0258,179.94000244140625,179.5399932861328,0.4000091552734375
2024-04-24,0.189412,169.67999267578125,176.58999633789062,-6.910003662109375
2024-04-25,0.11499599999999999,177.8000030517578,173.6699981689453,4.1300048828125
2024-04-26,0.09819661835748793,182.75,179.6199951171875,3.1300048828125
2024-04-29,0.26502,181.08999633789065,180.9600067138672,0.12998962402346592
2024-04-30,0.201072,181.63999938964844,175.0,6.6399993896484375
2024-05-01,0.2717409090909091,180.8500061035156,179.0,1.8500061035155966
2024-05-03,0.16599583333333334,186.27999877929688,186.2100067138672,0.0699920654296875
2024-05-06,0.4141333333333333,188.9199981689453,188.6999969482422,0.220001220703125
2024-05-08,0.46228888888888886,188.8800048828125,188.0,0.8800048828125
2024-05-09,0.11047777777777779,189.16000366210935,189.5,-0.3399963378906534
2024-05-10,0.11315,188.0,187.47999572753903,0.5200042724609659
2024-05-13,0.34672000000000003,183.82000732421875,186.57000732421875,-2.75
2024-05-14,0.055220000000000005,185.97000122070312,187.07000732421875,-1.100006103515625
2024-05-15,0.15023333333333333,185.6000061035156,185.9900054931641,-0.38999938964849434
2024-05-16,0.0,183.7599945068359,183.6300048828125,0.12998962402340908
2024-05-17,0.148,184.33999633789065,184.6999969482422,-0.3600006103515341
2024-05-20,0.11070000000000002,182.3000030517578,183.5399932861328,-1.239990234375
2024-05-21,0.16344285714285717,183.8800048828125,183.1499938964844,0.7300109863280966
2024-05-24,0.33525227272727276,179.92999267578125,180.75,-0.82000732421875
2024-05-28,0.7506,181.6999969482422,182.1499938964844,-0.4499969482422159
2024-05-30,-0.20413333333333336,178.3000030517578,179.32000732421875,-1.0200042724609375
2024-05-31,-0.11059999999999999,177.6999969482422,176.44000244140625,1.2599945068359375
2024-06-03,0.4722,177.63999938964844,178.33999633789062,-0.6999969482421875
2024-06-05,0.3751,181.75,181.27999877929688,0.470001220703125
2024-06-07,0.3062,184.07000732421875,184.3000030517578,-0.2299957275390625
2024-06-10,-0.055366666666666675,187.05999755859375,187.05999755859375,0.0
2024-06-11,-0.09866666666666667,188.02000427246097,187.22999572753903,0.7900085449219318
2024-06-12,0.15884705882352942,186.08999633789065,186.88999938964844,-0.8000030517577841
2024-06-13,-0.354325,183.0800018310547,183.8300018310547,-0.75
2024-06-14,0.38043055555555555,182.52000427246097,183.66000366210935,-1.1399993896483807
2024-06-17,0.02346,183.7400054931641,184.05999755859375,-0.3199920654296591
2024-06-18,-0.0015166666666666662,182.91000366210935,182.80999755859375,0.10000610351559658
2024-06-20,0.301332,187.8000030517578,186.1000061035156,1.699996948242216
2024-06-21,0.30193333333333333,189.3300018310547,189.0800018310547,0.25
2024-06-24,-0.09147200000000001,186.80999755859375,185.57000732421875,1.239990234375
2024-06-25,0.2664388888888889,186.9199981689453,186.33999633789065,0.5800018310546591
2024-06-26,0.26,195.0099945068359,193.61000061035156,1.3999938964843466
2024-06-27,0.0516,197.72999572753903,197.8500061035156,-0.1200103759765625
2024-06-28,0.186478,193.4900054931641,193.25,0.24000549316409092
2024-07-01,0.36937600000000004,197.27999877929688,197.1999969482422,0.0800018310546875
2024-07-02,0.3800857142857143,199.94000244140625,200.0,-0.05999755859375
2024-07-03,0.24289999999999998,198.6499938964844,197.58999633789065,1.05999755859375
2024-07-05,0.18650463768115944,200.0399932861328,200.0,0.0399932861328125
2024-07-08,0.23860399999999998,199.3999938964844,199.2899932861328,0.11000061035159092
2024-07-09,0.15944,200.0,199.33999633789065,0.6600036621093466
2024-07-10,0.198424,200.08999633789065,199.7899932861328,0.3000030517578409
2024-07-11,0.195712,194.8000030517578,195.0500030517578,-0.25
2024-07-12,0.24033651851851853,194.55999755859375,194.4900054931641,0.06999206542965908
2024-07-15,0.23424,195.58999633789065,192.72000122070312,2.8699951171875284
2024-07-16,0.07472399999999998,191.3500061035156,193.02000427246097,-1.6699981689453693
2024-07-17,0.20026400000000003,189.58999633789065,187.92999267578125,1.6600036621094034
2024-07-18,0.157144,181.13999938964844,183.75,-2.6100006103515625
2024-07-19,0.1949168253968254,185.0,183.1300048828125,1.8699951171875
2024-07-22,0.15194400000000002,184.1000061035156,182.5500030517578,1.550003051757784
2024-07-23,0.01775,183.1999969482422,186.41000366210935,-3.210006713867159
2024-07-24,0.22903199999999999,182.91000366210935,180.8300018310547,2.080001831054659
2024-07-25,-0.1419,180.38999938964844,179.85000610351562,0.5399932861328125
2024-07-26,0.21542571428571428,183.83999633789065,182.5,1.3399963378906534
2024-07-29,0.23383571428571429,184.72000122070312,183.1999969482422,1.5200042724609375
2024-07-30,0.1338375,185.0500030517578,181.7100067138672,3.339996337890625
2024-07-31,0.33425,189.2899932861328,186.97999572753903,2.3099975585937784
2024-08-01,0.13444,166.75,184.07000732421875,-17.32000732421875
2024-08-02,0.14134851282051283,154.2100067138672,167.89999389648438,-13.689987182617188
2024-08-05,-0.1366,161.7100067138672,161.02000427246094,0.69000244140625
2024-08-06,0.3625833333333333,166.5500030517578,161.92999267578125,4.6200103759765625
2024-08-07,-0.2553,165.1699981689453,162.77000427246094,2.399993896484375
2024-08-09,0.5625,168.13999938964844,166.94000244140625,1.1999969482421875
2024-08-13,0.21967199999999998,172.11000061035156,170.22999572753906,1.8800048828125
2024-08-14,0.204224,174.86000061035156,170.10000610351562,4.7599945068359375
2024-08-15,0.223512,177.0399932861328,177.58999633789062,-0.5500030517578125
2024-08-16,0.3330853333333333,177.63999938964844,177.05999755859375,0.5800018310546875
2024-08-19,0.23940800000000004,177.9199981689453,178.22000122070312,-0.3000030517578125
2024-08-20,0.141168,179.9199981689453,178.8800048828125,1.0399932861328125
2024-08-21,0.277932,181.3800048828125,180.11000061035156,1.2700042724609375
2024-08-22,0.323888,177.33999633789062,176.1300048828125,1.209991455078125
2024-08-23,0.2480813333333333,176.6999969482422,177.0399932861328,-0.339996337890625
2024-08-26,0.054976,174.14999389648438,175.5,-1.350006103515625
2024-08-27,-0.5329999999999999,173.69000244140625,173.1199951171875,0.57000732421875
2024-08-28,0.071128,173.22000122070312,170.8000030517578,2.4199981689453125
2024-08-29,-0.18340000000000004,172.77999877929688,172.1199951171875,0.660003662109375
2024-08-30,0.30901866666666666,177.5500030517578,178.5,-0.9499969482421875
2024-09-03,0.371992,174.47999572753906,176.25,-1.7700042724609375
2024-09-04,0.284848,175.0,173.3300018310547,1.6699981689453125
2024-09-05,0.25902000000000003,177.24000549316406,177.88999938964844,-0.649993896484375
2024-09-06,0.17892266666666667,174.52999877929688,171.38999938964844,3.1399993896484375
2024-09-09,0.24314,177.49000549316406,175.39999389648438,2.0900115966796875
2024-09-10,0.387972,180.10000610351562,179.5500030517578,0.5500030517578125
2024-09-11,0.2146,184.8000030517578,184.52000427246097,0.2799987792968466
2024-09-12,0.40153599999999995,187.0,187.0,0.0
2024-09-13,0.1529525,185.2899932861328,186.4900054931641,-1.2000122070312784
2024-09-16,0.293068,186.8500061035156,184.88999938964844,1.960006713867159
2024-09-17,0.4534222222222222,186.4499969482422,186.8800048828125,-0.4300079345703125
2024-09-18,0.232836,190.0399932861328,186.42999267578125,3.6100006103515625
2024-09-19,0.18136799999999997,190.22999572753903,189.8699951171875,0.3600006103515341
2024-09-20,0.3026853333333333,191.63999938964844,191.6000061035156,0.03999328613284092
2024-09-23,0.265496,194.27000427246097,193.8800048828125,0.3899993896484659
2024-09-24,0.301684,193.75,193.9600067138672,-0.2100067138671875
2024-09-25,0.27326,194.30999755859375,192.52999877929688,1.779998779296875
2024-09-26,0.2539666666666667,190.67999267578125,191.16000366210935,-0.4800109863280966
2024-09-27,0.22946133333333338,187.13999938964844,187.97000122070312,-0.8300018310546875
2024-09-30,0.365856,184.8999938964844,186.3300018310547,-1.430007934570284
2024-10-01,0.49265000000000003,184.44000244140625,185.1300048828125,-0.69000244140625
2024-10-02,0.27572800000000003,183.0500030517578,184.7599945068359,-1.7099914550780966
2024-10-03,0.182868,185.75,181.9600067138672,3.7899932861328125
2024-10-04,0.2916473333333333,182.9499969482422,186.5099945068359,-3.5599975585937216
2024-10-07,0.17113599999999998,181.9199981689453,180.8000030517578,1.1199951171875
2024-10-08,0.354712,182.82000732421875,182.72000122070312,0.100006103515625
2024-10-09,0.23614000000000002,187.1300048828125,185.1699981689453,1.9600067138671875
2024-10-10,0.209144,186.6300048828125,186.6499938964844,-0.01998901367190342
2024-10-11,0.19714500000000001,189.77999877929688,188.82000732421875,0.959991455078125
2024-10-15,-0.5647,187.0500030517578,187.69000244140625,-0.6399993896484375
2024-10-16,0.2586375,188.22000122070312,186.88999938964844,1.3300018310546875
2024-10-17,0.16776,187.1499938964844,187.52999877929688,-0.3800048828124716
2024-10-18,0.24138266666666666,188.0500030517578,188.9900054931641,-0.9400024414062784
2024-10-21,0.289592,188.3500061035156,189.07000732421875,-0.7200012207031534
2024-10-22,0.290608,188.8500061035156,189.6999969482422,-0.8499908447265909
2024-10-23,0.30112,185.25,184.7100067138672,0.5399932861328125
2024-10-24,0.23934,187.8500061035156,186.3800048828125,1.4700012207030966
2024-10-25,0.1751986666666667,189.57000732421875,187.8300018310547,1.7400054931640625
2024-10-28,-0.09092499999999999,188.5800018310547,188.38999938964844,0.19000244140625
2024-10-29,0.360616,194.6999969482422,190.8300018310547,3.8699951171875
2024-10-30,0.066308,190.5099945068359,192.72999572753903,-2.220001220703125
2024-10-31,0.223248,199.0,186.3999938964844,12.600006103515597
2024-11-01,0.3968946666666667,196.4499969482422,197.92999267578125,-1.4799957275390625
2024-11-04,0.541424,196.0399932861328,195.77999877929688,0.2599945068359375
2024-11-05,0.31109200000000004,200.0099945068359,199.5,0.5099945068359091
2024-11-06,0.36172,207.44000244140625,207.08999633789065,0.3500061035155966
2024-11-07,0.193816,209.72000122070312,210.0500030517578,-0.3300018310546875
2024-11-08,0.3759,208.5,208.17999267578125,0.32000732421875
2024-11-11,0.109784,208.3699951171875,206.83999633789065,1.5299987792968466
2024-11-12,0.214824,209.3999938964844,208.91000366210935,0.48999023437505684
2024-11-13,0.10935600000000001,214.16000366210935,214.1000061035156,0.05999755859375
2024-11-14,0.059348,206.7599945068359,211.47999572753903,-4.720001220703125
2024-11-15,0.209348,204.1499938964844,202.61000061035156,1.539993286132841
2024-11-18,0.32122,199.3300018310547,201.6999969482422,-2.3699951171875
2024-11-19,0.213036,202.97999572753903,204.61000061035156,-1.6300048828125284
2024-11-20,0.3079,203.4900054931641,202.8800048828125,0.6100006103515909
2024-11-21,0.13245,198.25,198.3800048828125,-0.1300048828125
2024-11-22,0.503588,199.27999877929688,197.1199951171875,2.160003662109375
2024-11-25,0.265096,201.8999938964844,201.4499969482422,0.4499969482422159
2024-11-26,0.527044,206.97999572753903,207.86000061035156,-0.8800048828125284
2024-11-27,0.3612,205.8300018310547,205.7400054931641,0.08999633789059658
2024-11-29,0.27128474074074077,209.9600067138672,207.88999938964844,2.07000732421875
2024-12-02,0.4441181818181818,210.30999755859375,210.7100067138672,-0.4000091552734375
2024-12-03,0.206556,215.9600067138672,213.44000244140625,2.5200042724609375
2024-12-04,0.24252400000000002,218.02999877929688,218.16000366210935,-0.13000488281247158
2024-12-05,0.19390000000000002,220.75,220.5500030517578,0.1999969482421875
2024-12-06,0.29087466666666667,227.2100067138672,227.02999877929688,0.1800079345703125
2024-12-09,0.318904,226.08999633789065,226.08999633789065,0.0
2024-12-10,0.227248,226.41000366210935,225.0399932861328,1.370010375976534
2024-12-11,0.6853560000000001,229.8300018310547,230.2599945068359,-0.4299926757812216
2024-12-12,0.31972,228.3999938964844,228.97000122070312,-0.5700073242187216
2024-12-13,0.22115600000000002,230.22999572753903,227.4600067138672,2.7699890136718466
2024-12-16,0.188544,232.38999938964844,232.92999267578125,-0.5399932861328125
2024-12-17,0.324044,230.77000427246097,231.1499938964844,-0.3799896240234375
2024-12-18,0.337452,224.91000366210935,220.52000427246097,4.389999389648381
2024-12-19,0.273252,219.83999633789065,223.2899932861328,-3.449996948242159
2024-12-20,0.1489752514619883,225.0099945068359,224.9199981689453,0.08999633789059658
2024-12-23,0.36755,226.94000244140625,225.05999755859375,1.8800048828125
2024-12-26,0.5845400000000001,225.6000061035156,227.0500030517578,-1.449996948242216
2024-12-27,0.40607599999999994,220.05999755859375,223.75,-3.69000244140625
2024-12-30,0.400375,222.97000122070312,221.3000030517578,1.6699981689453125
2024-12-31,0.2452222222222222,222.02999877929688,219.38999938964844,2.6399993896484375
2025-01-02,0.313732,222.5099945068359,220.22000122070312,2.289993286132784
2025-01-03,0.080316,226.77999877929688,224.19000244140625,2.589996337890625
2025-01-06,0.343508,227.8999938964844,227.61000061035156,0.2899932861328409
2025-01-07,0.23608,223.19000244140625,222.11000061035156,1.0800018310546875
2025-01-08,0.27546,221.4600067138672,222.1300048828125,-0.6699981689453125
2025-01-10,0.23351581818181819,218.05999755859375,218.94000244140625,-0.8800048828125
2025-01-13,0.40812800000000005,220.44000244140625,218.4600067138672,1.9799957275390625
2025-01-14,0.239216,222.8300018310547,217.7599945068359,5.070007324218778
2025-01-15,0.38295999999999997,224.4199981689453,223.3500061035156,1.069992065429716
2025-01-16,0.264664,225.83999633789065,220.66000366210935,5.179992675781307
2025-01-17,0.3789895384615385,228.8999938964844,225.94000244140625,2.9599914550781534
2025-01-21,0.31980000000000003,232.02000427246097,230.7100067138672,1.3099975585937784
2025-01-22,0.291024,234.1000061035156,235.0099945068359,-0.9099884033203125
2025-01-23,0.42945999999999995,234.5,235.4199981689453,-0.9199981689453125
2025-01-24,0.17943866666666666,226.2100067138672,234.8500061035156,-8.639999389648409
2025-01-27,0.43835999999999997,234.2899932861328,235.4199981689453,-1.1300048828125
2025-01-28,0.4767,239.02000427246097,238.1499938964844,0.8700103759765625
2025-01-29,0.144924,237.13999938964844,237.07000732421875,0.0699920654296875
2025-01-30,0.383556,236.5,234.63999938964844,1.8600006103515625
2025-01-31,0.18110133333333334,234.05999755859375,237.67999267578125,-3.6199951171875
2025-02-03,0.311688,239.0099945068359,237.4199981689453,1.5899963378905966
2025-02-04,0.282572,237.02000427246097,242.05999755859375,-5.039993286132784
2025-02-05,0.3185363636363636,238.0099945068359,236.1699981689453,1.8399963378905966
2025-02-06,0.305956,232.5,238.8300018310547,-6.3300018310546875
2025-02-07,0.372288,230.5500030517578,229.1499938964844,1.400009155273409
2025-02-11,0.43873199999999996,230.4600067138672,232.7599945068359,-2.2999877929687216
2025-02-12,0.387124,228.8500061035156,228.92999267578125,-0.07998657226565342
2025-02-13,0.21729375,229.1999969482422,230.3699951171875,-1.1699981689453125
2025-02-14,0.4044733333333333,228.82000732421875,228.67999267578125,0.1400146484375
2025-02-18,0.234664,225.52000427246097,226.6499938964844,-1.1299896240234375
2025-02-19,0.21163600000000002,224.77999877929688,226.6300048828125,-1.850006103515625
2025-02-20,0.148056,223.27999877929688,222.8800048828125,0.399993896484375
2025-02-21,0.32210222222222223,217.4499969482422,216.5800018310547,0.8699951171875
2025-02-24,0.222624,211.6300048828125,212.7100067138672,-1.0800018310546875
2025-02-25,0.292484,214.94000244140625,212.8000030517578,2.1399993896484375
2025-02-26,0.305764,218.3500061035156,214.3500061035156,4.0
2025-02-27,0.378636,208.6499938964844,208.7400054931641,-0.0900115966796875
2025-02-28,0.198308,213.3500061035156,212.27999877929688,1.0700073242187216
2025-03-03,0.33435200000000004,200.11000061035156,205.02000427246097,-4.910003662109403
2025-03-04,0.165016,204.8000030517578,203.8000030517578,1.0
2025-03-05,0.245504,204.3999938964844,208.36000061035156,-3.960006713867159
2025-03-06,0.227896,199.4900054931641,200.6999969482422,-1.2099914550780966
2025-03-07,0.31400900000000004,195.6000061035156,199.25,-3.6499938964844034
2025-03-10,0.1139,193.8999938964844,194.5399932861328,-0.6399993896484091
2025-03-11,0.34815199999999996,200.72000122070312,196.58999633789065,4.130004882812472
2025-03-12,0.1201,198.1699981689453,198.88999938964844,-0.720001220703125
2025-03-13,0.285688,197.41000366210935,193.88999938964844,3.520004272460909
2025-03-14,0.293568,198.77000427246097,197.9499969482422,0.8200073242187784
2025-03-17,0.234452,192.52000427246097,195.7400054931641,-3.220001220703125
2025-03-18,0.041440000000000005,193.3800048828125,192.82000732421875,0.55999755859375
2025-03-19,0.216832,193.07000732421875,195.5399932861328,-2.4699859619140625
2025-03-20,0.174176,192.8999938964844,194.9499969482422,-2.050003051757784
2025-03-21,0.16087833333333335,200.0,196.2100067138672,3.7899932861328125
2025-03-24,0.19668399999999997,203.6000061035156,203.2599945068359,0.3400115966796875
2025-03-25,0.224416,205.83999633789065,205.7100067138672,0.12998962402346592
2025-03-26,0.02750399999999999,200.88999938964844,201.1300048828125,-0.2400054931640625
2025-03-27,0.11291999999999999,198.4199981689453,201.36000061035156,-2.94000244140625
2025-03-28,0.10117066666666669,188.19000244140625,192.72000122070312,-4.529998779296875
2025-03-31,0.16198,187.86000061035156,190.2599945068359,-2.3999938964843466
2025-04-01,0.215668,187.66000366210935,192.1699981689453,-4.509994506835966
2025-04-02,0.13036,183.0,196.0099945068359,-13.009994506835909
2025-04-03,-0.041936,167.14999389648438,178.41000366210938,-11.260009765625
2025-04-04,0.1984693333333333,162.0,171.0,-9.0
2025-04-07,0.080672,185.22999572753903,175.25999450683594,9.970001220703097
2025-04-08,0.14528400000000002,172.1199951171875,170.66000366210938,1.459991455078125
2025-04-09,0.202912,185.44000244140625,191.1000061035156,-5.660003662109347
2025-04-10,0.239784,179.92999267578125,181.22000122070312,-1.290008544921875
2025-04-11,0.2723373333333333,186.83999633789065,184.8699951171875,1.9700012207031534
2025-04-14,0.06952799999999999,181.41000366210935,182.1199951171875,-0.7099914550781534
2025-04-15,0.10254800000000001,176.2899932861328,179.58999633789062,-3.3000030517578125
2025-04-16,0.185444,176.0,174.3300018310547,1.6699981689453125
2025-04-17,0.220924,169.60000610351562,172.61000061035156,-3.0099945068359375
2025-04-21,0.20076799999999997,169.85000610351562,167.32000732421875,2.529998779296875
2025-04-22,0.10604799999999999,183.4499969482422,173.17999267578125,10.270004272460938
2025-04-23,0.14432,180.9199981689453,180.6000061035156,0.3199920654297159
2025-04-24,0.276616,187.6199951171875,186.5399932861328,1.0800018310546875
2025-04-25,0.20412133333333335,190.11000061035156,188.9900054931641,1.1199951171874716
2025-04-28,0.182824,183.9900054931641,187.6999969482422,-3.7099914550780966
2025-04-29,-0.009356000000000001,182.1699981689453,187.38999938964844,-5.220001220703125
2025-04-30,0.018199999999999994,190.6300048828125,184.4199981689453,6.2100067138671875
2025-05-01,0.0633,191.44000244140625,190.1999969482422,1.2400054931640625
2025-05-02,0.17775333333333332,186.5099945068359,189.97999572753903,-3.470001220703125
2025-05-05,0.214216,184.57000732421875,186.3500061035156,-1.7799987792968466
2025-05-06,0.148,185.55999755859375,185.0099945068359,0.5500030517578409
2025-05-07,0.039776000000000006,191.42999267578125,188.7100067138672,2.7199859619140625
2025-05-08,0.224284,193.3800048828125,192.0800018310547,1.3000030517578125
2025-05-09,0.29288533333333333,210.7100067138672,193.05999755859375,17.650009155273438
2025-05-12,0.25562,211.0800018310547,208.63999938964844,2.44000244140625
2025-05-13,0.2782,211.4499969482422,211.3699951171875,0.0800018310546875
2025-05-14,0.344424,206.4499969482422,210.25,-3.8000030517578125
2025-05-15,0.324372,206.8500061035156,205.1699981689453,1.680007934570284
2025-05-16,0.19293572222222222,201.6499938964844,205.58999633789065,-3.94000244140625
2025-05-19,0.22020399999999998,204.6300048828125,206.16000366210935,-1.5299987792968466
2025-05-20,0.291688,201.61000061035156,204.07000732421875,-2.4600067138671875
2025-05-21,0.364452,201.3800048828125,201.1199951171875,0.260009765625
2025-05-22,0.25481200000000004,198.8999938964844,203.1000061035156,-4.200012207031193
2025-05-23,0.30707466666666666,203.08999633789065,200.9900054931641,2.0999908447265625
2025-05-27,0.353852,205.9199981689453,206.02000427246097,-0.10000610351565342
2025-05-28,0.197212,208.02999877929688,204.72000122070312,3.30999755859375
2025-05-29,0.291308,204.83999633789065,205.6999969482422,-0.8600006103515341
2025-05-30,0.46429496296296296,204.97999572753903,205.0099945068359,-0.029998779296875
2025-06-02,0.380492,207.11000061035156,206.6499938964844,0.4600067138671591
2025-06-03,0.21127200000000002,206.5500030517578,205.7100067138672,0.839996337890625
2025-06-04,0.3413733333333333,209.5500030517578,207.22999572753903,2.3200073242187784
2025-06-05,0.25424399999999997,212.3999938964844,207.91000366210935,4.489990234375057
2025-06-06,0.261236,214.75,213.57000732421875,1.17999267578125
2025-06-09,0.40786,216.77999877929688,216.97999572753903,-0.19999694824215908
2025-06-10,0.49154,217.41000366210935,217.61000061035156,-0.19999694824221592
2025-06-11,0.54356,211.77999877929688,213.1999969482422,-1.4199981689453125
2025-06-12,0.1234,209.9600067138672,213.2400054931641,-3.2799987792969034
2025-06-13,0.2961066666666667,212.30999755859375,212.1000061035156,0.20999145507815342
2025-06-16,0.231012,215.1999969482422,216.1000061035156,-0.9000091552734091
2025-06-17,0.337256,215.08999633789065,214.82000732421875,0.2699890136719034
2025-06-18,0.27572399999999997,214.67999267578125,212.52000427246097,2.159988403320284
2025-06-20,0.39237866666666665,209.7899932861328,209.69000244140625,0.0999908447265625
2025-06-23,0.41369999999999996,212.13999938964844,208.47000122070312,3.6699981689453125
2025-06-24,0.23893600000000004,214.6199951171875,212.77000427246097,1.849990844726534
2025-06-25,0.277076,213.1199951171875,211.9900054931641,1.129989624023409
2025-06-26,0.5212920000000001,219.9199981689453,217.1199951171875,2.8000030517578125
2025-06-27,0.3052293333333333,223.52000427246097,223.3000030517578,0.22000122070315342
2025-06-30,0.676584,219.5,219.38999938964844,0.1100006103515625
2025-07-02,0.9677,221.82000732421875,219.9199981689453,1.9000091552734375
2025-07-07,0.22432,223.9199981689453,223.47000122070312,0.4499969482421875
2025-07-08,0.21373076923076925,221.07000732421875,219.36000061035156,1.7100067138671875
2025-07-09,0.30097999999999997,221.5500030517578,222.5399932861328,-0.989990234375
2025-07-10,0.217484,223.5800018310547,222.2599945068359,1.3200073242187784
2025-07-11,0.3393743333333334,225.07000732421875,225.02000427246097,0.05000305175778408
2025-07-14,0.26446400000000003,226.1999969482422,225.69000244140625,0.5099945068359375
2025-07-17,0.5574,225.13999938964844,223.8800048828125,1.2599945068359375
2025-07-18,0.1866,225.83999633789065,226.1300048828125,-0.2900085449218466
2025-07-22,0.4965,228.47000122070312,227.47000122070312,1.0
2025-07-23,0.276328,229.1699981689453,228.2899932861328,0.8800048828125
2025-07-24,0.19069199999999997,232.22000122070312,232.22999572753903,-0.009994506835909078
2025-07-25,0.36079733333333336,233.3500061035156,231.44000244140625,1.9100036621093466
2025-07-28,0.339976,234.1499938964844,232.7899932861328,1.360000610351591
2025-07-29,0.16876000000000002,231.63999938964844,231.0099945068359,0.6300048828125284
2025-07-31,0.20186,217.2100067138672,234.11000061035156,-16.899993896484375
2025-08-01,0.2969773333333333,217.3999938964844,214.75,2.6499938964844034
2025-08-04,0.19108799999999998,213.0500030517578,211.6499938964844,1.400009155273409
2025-08-05,0.20288,214.6999969482422,213.75,0.9499969482421875
2025-08-06,0.314708,221.0,222.30999755859375,-1.30999755859375
2025-08-07,0.31968799999999997,223.13999938964844,223.1300048828125,0.0099945068359375
2025-08-08,0.21003449275362318,221.77999877929688,222.69000244140625,-0.910003662109375
2025-08-11,0.19259199999999999,222.22999572753903,221.3000030517578,0.9299926757812216
2025-08-12,0.10154400000000001,222.0,221.47000122070312,0.529998779296875
2025-08-13,-0.042666666666666665,227.3999938964844,224.55999755859375,2.8399963378906534
2025-08-14,0.1655,232.5800018310547,230.97999572753903,1.6000061035156534
2025-08-15,0.24519944444444444,230.22999572753903,231.02999877929688,-0.8000030517578409
2025-08-18,0.292468,230.08999633789065,231.4900054931641,-1.4000091552734375
2025-08-19,0.24383599999999997,227.1199951171875,228.0099945068359,-0.8899993896484091
2025-08-20,0.33510666666666666,222.6499938964844,223.80999755859375,-1.1600036621093466
2025-08-21,0.288036,222.7899932861328,221.9499969482422,0.839996337890625
2025-08-22,0.28669066666666665,227.3500061035156,228.83999633789065,-1.4899902343750568
2025-08-25,0.24352000000000001,227.11000061035156,227.94000244140625,-0.8300018310546875
2025-08-26,0.186072,228.57000732421875,228.7100067138672,-0.1399993896484375
2025-08-27,0.15764,229.0099945068359,229.1199951171875,-0.11000061035159092
2025-08-28,0.256584,231.32000732421875,231.6000061035156,-0.2799987792968466
2025-08-29,0.20080266666666666,223.52000427246097,229.0,-5.479995727539034
2025-09-02,0.09049999999999998,225.2100067138672,225.33999633789065,-0.12998962402346592
2025-09-03,0.289364,231.19000244140625,225.9900054931641,5.199996948242159
2025-09-04,0.373528,235.19000244140625,235.67999267578125,-0.489990234375
2025-09-05,0.3641893333333333,234.94000244140625,232.3300018310547,2.6100006103515625
2025-09-08,0.34098799999999996,236.36000061035156,235.83999633789065,0.5200042724609091
2025-09-09,0.214528,237.52000427246097,238.2400054931641,-0.720001220703125
2025-09-10,0.14952400000000002,231.4900054931641,230.3300018310547,1.1600036621094034
2025-09-11,-0.05074,230.3500061035156,229.9499969482422,0.4000091552734091
2025-09-12,-0.06578266666666667,230.6300048828125,228.1499938964844,2.4800109863280966
2025-09-15,0.287708,232.94000244140625,231.42999267578125,1.510009765625
2025-09-16,0.277376,233.77000427246097,234.0500030517578,-0.2799987792968466
2025-09-17,0.216428,232.5,231.6199951171875,0.8800048828125
2025-09-18,0.375624,232.3699951171875,231.22999572753903,1.139999389648466
2025-09-19,0.19887333333333332,230.55999755859375,231.47999572753903,-0.9199981689452841
2025-09-22,0.12081599999999999,227.8300018310547,227.6300048828125,0.1999969482421875
2025-09-23,0.2316,224.1499938964844,220.7100067138672,3.439987182617216
2025-09-24,0.293628,220.05999755859375,220.2100067138672,-0.1500091552734375
2025-09-25,0.250476,219.0800018310547,218.1499938964844,0.9300079345702841
2025-09-26,0.21430533333333335,220.0800018310547,219.77999877929688,0.3000030517578125
2025-09-29,0.069772,,222.1699981689453,-0.1399993896484375
